fir, 1, 0.423000, 0.000000
fir, 2, 0.547000, 0.000000
fir, 3, 0.566000, 0.000000
fir, 4, 0.826000, 0.000000
fir, 5, 0.751000, 0.000000
fir, 6, 0.762000, 0.000000
fir, 7, 0.767000, 0.000000
fir, 8, 0.709000, 0.000000
fir, 9, 0.728000, 0.000000
fir, 10, 0.833000, 0.000000
fir, 11, 0.467000, 0.000000
fir, 12, 0.470000, 0.000000
fir, 13, 0.915000, 0.000000
fir, 14, 0.519000, 0.000000
fir, 15, 0.691000, 0.000000
fir, 16, 0.569000, 0.000000
fir, 17, 0.497000, 0.000000
fir, 18, 0.639000, 0.000000
fir, 19, 0.599000, 0.000000
fir, 20, 0.688000, 0.000000
fir, 21, 0.515000, 0.000000
fir, 22, 0.666000, 0.000000
fir, 23, 0.771000, 0.000000
fir, 24, 0.669000, 0.000000
fir, 25, 0.000000, 1.095000
fir, 26, 1.007000, 0.000000
fir, 27, 1.493000, 0.000000
fir, 28, 1.821000, 0.000000
fir, 29, 2.906000, 0.000000
fir, 30, 0.000000, 4.654000
fir, 31, 6.992000, 0.000000
fir, 32, 10.141000, 0.000000
fir, 33, 16.665000, 0.000000
fir, 34, 26.492000, 0.000000
fir, 35, 44.762000, 0.000000
fir, 36, 65.302000, 0.000000
fir, 37, 103.084000, 0.000000
fir, 38, 163.134000, 0.000000
fir, 39, 267.453000, 0.000000
fir, 40, 426.258000, 0.000000
fii, 1, 0.723000, 0.000000
fii, 101, 1.217000, 0.000000
fii, 201, 1.045000, 0.000000
fii, 301, 0.881000, 0.000000
fii, 401, 0.000000, 0.829000
fii, 501, 0.796000, 0.000000
fii, 601, 0.753000, 0.000000
fii, 701, 0.736000, 0.000000
fii, 801, 0.730000, 0.000000
fii, 901, 0.706000, 0.000000
fii, 1001, 0.568000, 0.000000
fii, 1101, 0.784000, 0.000000
fii, 1201, 0.898000, 0.000000
fii, 1301, 0.690000, 0.000000
fii, 1401, 0.618000, 0.000000
fii, 1501, 0.000000, 0.769000
fii, 1601, 0.772000, 0.000000
fii, 1701, 0.744000, 0.000000
fii, 1801, 0.597000, 0.000000
fii, 1901, 0.549000, 0.000000
fii, 2001, 0.674000, 0.000000
fii, 2101, 0.855000, 0.000000
fii, 2201, 0.760000, 0.000000
fii, 2301, 0.515000, 0.000000
fii, 2401, 0.745000, 0.000000
fii, 2501, 0.565000, 0.000000
fii, 2601, 0.639000, 0.000000
fii, 2701, 0.531000, 0.000000
fii, 2801, 0.533000, 0.000000
fii, 2901, 0.553000, 0.000000
fii, 3001, 0.554000, 0.000000
fii, 3101, 0.669000, 0.000000
fii, 3201, 0.723000, 0.000000
fii, 3301, 0.706000, 0.000000
fii, 3401, 0.663000, 0.000000
fii, 3501, 0.688000, 0.000000
fii, 3601, 0.540000, 0.000000
fii, 3701, 0.685000, 0.000000
fii, 3801, 0.000000, 0.562000
fii, 3901, 0.536000, 0.000000
fii, 4001, 0.529000, 0.000000
fii, 4101, 0.485000, 0.000000
fii, 4201, 0.949000, 0.000000
fii, 4301, 0.564000, 0.000000
fii, 4401, 0.501000, 0.000000
fii, 4501, 0.000000, 0.523000
fii, 4601, 0.667000, 0.000000
fii, 4701, 0.751000, 0.000000
fii, 4801, 0.552000, 0.000000
fii, 4901, 0.725000, 0.000000
fii, 5001, 0.598000, 0.000000
fii, 5101, 0.852000, 0.000000
fii, 5201, 0.510000, 0.000000
fii, 5301, 0.532000, 0.000000
fii, 5401, 0.605000, 0.000000
fii, 5501, 0.513000, 0.000000
fii, 5601, 0.797000, 0.000000
fii, 5701, 0.561000, 0.000000
fii, 5801, 0.740000, 0.000000
fii, 5901, 0.605000, 0.000000
fii, 6001, 0.688000, 0.000000
fii, 6101, 0.524000, 0.000000
fii, 6201, 0.538000, 0.000000
fii, 6301, 0.636000, 0.000000
fii, 6401, 0.537000, 0.000000
fii, 6501, 0.736000, 0.000000
fii, 6601, 0.514000, 0.000000
fii, 6701, 0.586000, 0.000000
fii, 6801, 0.550000, 0.000000
fii, 6901, 0.523000, 0.000000
fii, 7001, 0.956000, 0.000000
fii, 7101, 0.534000, 0.000000
fii, 7201, 0.540000, 0.000000
fii, 7301, 0.694000, 0.000000
fii, 7401, 0.513000, 0.000000
fii, 7501, 0.708000, 0.000000
fii, 7601, 0.000000, 0.577000
fii, 7701, 0.569000, 0.000000
fii, 7801, 0.528000, 0.000000
fii, 7901, 0.642000, 0.000000
fii, 8001, 0.723000, 0.000000
fii, 8101, 0.821000, 0.000000
fii, 8201, 0.879000, 0.000000
fii, 8301, 0.523000, 0.000000
fii, 8401, 0.690000, 0.000000
fii, 8501, 0.692000, 0.000000
fii, 8601, 0.548000, 0.000000
fii, 8701, 0.000000, 0.736000
fii, 8801, 0.782000, 0.000000
fii, 8901, 0.768000, 0.000000
fii, 9001, 0.479000, 0.000000
fii, 9101, 0.798000, 0.000000
fii, 9201, 0.501000, 0.000000
fii, 9301, 0.557000, 0.000000
fii, 9401, 0.810000, 0.000000
fii, 9501, 0.495000, 0.000000
fii, 9601, 0.657000, 0.000000
fii, 9701, 0.575000, 0.000000
fii, 9801, 0.511000, 0.000000
fii, 9901, 0.000000, 0.940000
fii, 10001, 0.686000, 0.000000
fii, 10101, 0.565000, 0.000000
fii, 10201, 0.510000, 0.000000
fii, 10301, 0.573000, 0.000000
fii, 10401, 0.493000, 0.000000
fii, 10501, 0.491000, 0.000000
fii, 10601, 0.800000, 0.000000
fii, 10701, 0.666000, 0.000000
fii, 10801, 0.500000, 0.000000
fii, 10901, 0.651000, 0.000000
fii, 11001, 0.653000, 0.000000
fii, 11101, 0.702000, 0.000000
fii, 11201, 0.492000, 0.000000
fii, 11301, 0.732000, 0.000000
fii, 11401, 0.553000, 0.000000
fii, 11501, 0.678000, 0.000000
fii, 11601, 0.720000, 0.000000
fii, 11701, 0.547000, 0.000000
fii, 11801, 0.590000, 0.000000
fii, 11901, 0.535000, 0.000000
fii, 12001, 1.065000, 0.000000
fii, 12101, 0.784000, 0.000000
fii, 12201, 0.000000, 1.013000
fii, 12301, 0.000000, 0.876000
fii, 12401, 0.654000, 0.000000
fii, 12501, 0.741000, 0.000000
fii, 12601, 0.724000, 0.000000
fii, 12701, 0.615000, 0.000000
fii, 12801, 0.535000, 0.000000
fii, 12901, 0.548000, 0.000000
fii, 13001, 0.767000, 0.000000
fii, 13101, 0.555000, 0.000000
fii, 13201, 0.497000, 0.000000
fii, 13301, 0.740000, 0.000000
fii, 13401, 0.767000, 0.000000
fii, 13501, 0.972000, 0.000000
fii, 13601, 0.717000, 0.000000
fii, 13701, 0.903000, 0.000000
fii, 13801, 0.592000, 0.000000
fii, 13901, 0.751000, 0.000000
fii, 14001, 0.511000, 0.000000
fii, 14101, 0.617000, 0.000000
fii, 14201, 0.656000, 0.000000
fii, 14301, 0.476000, 0.000000
fii, 14401, 0.575000, 0.000000
fii, 14501, 0.520000, 0.000000
fii, 14601, 0.475000, 0.000000
fii, 14701, 0.931000, 0.000000
fii, 14801, 0.571000, 0.000000
fii, 14901, 0.602000, 0.000000
fii, 15001, 0.561000, 0.000000
fii, 15101, 0.884000, 0.000000
fii, 15201, 0.526000, 0.000000
fii, 15301, 0.599000, 0.000000
fii, 15401, 0.638000, 0.000000
fii, 15501, 0.571000, 0.000000
fii, 15601, 0.719000, 0.000000
fii, 15701, 0.493000, 0.000000
fii, 15801, 0.621000, 0.000000
fii, 15901, 0.000000, 0.845000
fii, 16001, 0.511000, 0.000000
fii, 16101, 0.650000, 0.000000
fii, 16201, 0.481000, 0.000000
fii, 16301, 0.615000, 0.000000
fii, 16401, 0.864000, 0.000000
fii, 16501, 0.563000, 0.000000
fii, 16601, 0.567000, 0.000000
fii, 16701, 0.587000, 0.000000
fii, 16801, 0.522000, 0.000000
fii, 16901, 0.872000, 0.000000
fii, 17001, 0.619000, 0.000000
fii, 17101, 0.554000, 0.000000
fii, 17201, 0.701000, 0.000000
fii, 17301, 0.579000, 0.000000
fii, 17401, 0.733000, 0.000000
fii, 17501, 0.542000, 0.000000
fii, 17601, 0.536000, 0.000000
fii, 17701, 0.622000, 0.000000
fii, 17801, 0.580000, 0.000000
fii, 17901, 0.687000, 0.000000
fii, 18001, 0.571000, 0.000000
fii, 18101, 0.558000, 0.000000
fii, 18201, 0.671000, 0.000000
fii, 18301, 0.512000, 0.000000
fii, 18401, 0.862000, 0.000000
fii, 18501, 0.536000, 0.000000
fii, 18601, 0.498000, 0.000000
fii, 18701, 0.000000, 0.728000
fii, 18801, 0.576000, 0.000000
fii, 18901, 0.681000, 0.000000
fii, 19001, 0.508000, 0.000000
fii, 19101, 0.525000, 0.000000
fii, 19201, 0.630000, 0.000000
fii, 19301, 0.524000, 0.000000
fii, 19401, 0.845000, 0.000000
fii, 19501, 0.499000, 0.000000
fii, 19601, 0.734000, 0.000000
fii, 19701, 0.601000, 0.000000
fii, 19801, 0.536000, 0.000000
fii, 19901, 0.575000, 0.000000
fii, 20001, 0.710000, 0.000000
fii, 20101, 0.810000, 0.000000
fii, 20201, 0.528000, 0.000000
fii, 20301, 0.543000, 0.000000
fii, 20401, 0.610000, 0.000000
fii, 20501, 0.496000, 0.000000
fii, 20601, 0.788000, 0.000000
fii, 20701, 0.605000, 0.000000
fii, 20801, 0.551000, 0.000000
fii, 20901, 0.608000, 0.000000
fii, 21001, 0.578000, 0.000000
fii, 21101, 0.990000, 0.000000
fii, 21201, 0.653000, 0.000000
fii, 21301, 0.521000, 0.000000
fii, 21401, 0.547000, 0.000000
fii, 21501, 0.529000, 0.000000
fii, 21601, 0.822000, 0.000000
fii, 21701, 0.510000, 0.000000
fii, 21801, 0.634000, 0.000000
fii, 21901, 0.757000, 0.000000
fii, 22001, 0.000000, 0.572000
fii, 22101, 0.722000, 0.000000
fii, 22201, 0.752000, 0.000000
fii, 22301, 0.589000, 0.000000
fii, 22401, 0.635000, 0.000000
fii, 22501, 0.476000, 0.000000
fii, 22601, 0.751000, 0.000000
fii, 22701, 0.581000, 0.000000
fii, 22801, 0.000000, 0.581000
fii, 22901, 0.644000, 0.000000
fii, 23001, 0.787000, 0.000000
fii, 23101, 0.890000, 0.000000
fii, 23201, 0.963000, 0.000000
fii, 23301, 0.520000, 0.000000
fii, 23401, 0.917000, 0.000000
fii, 23501, 0.567000, 0.000000
fii, 23601, 0.547000, 0.000000
fii, 23701, 0.811000, 0.000000
fii, 23801, 0.549000, 0.000000
fii, 23901, 0.611000, 0.000000
fii, 24001, 0.779000, 0.000000
fii, 24101, 0.531000, 0.000000
fii, 24201, 0.585000, 0.000000
fii, 24301, 0.667000, 0.000000
fii, 24401, 1.074000, 0.000000
fii, 24501, 0.688000, 0.000000
fii, 24601, 0.988000, 0.000000
fii, 24701, 0.556000, 0.000000
fii, 24801, 0.829000, 0.000000
fii, 24901, 0.648000, 0.000000
fii, 25001, 0.569000, 0.000000
fii, 25101, 0.618000, 0.000000
fii, 25201, 0.618000, 0.000000
fii, 25301, 0.841000, 0.000000
fii, 25401, 0.538000, 0.000000
fii, 25501, 0.581000, 0.000000
fii, 25601, 0.620000, 0.000000
fii, 25701, 0.510000, 0.000000
fii, 25801, 0.641000, 0.000000
fii, 25901, 0.566000, 0.000000
fii, 26001, 0.538000, 0.000000
fii, 26101, 0.652000, 0.000000
fii, 26201, 0.533000, 0.000000
fii, 26301, 0.691000, 0.000000
fii, 26401, 0.573000, 0.000000
fii, 26501, 0.000000, 0.984000
fii, 26601, 0.517000, 0.000000
fii, 26701, 0.718000, 0.000000
fii, 26801, 0.517000, 0.000000
fii, 26901, 0.665000, 0.000000
fii, 27001, 0.685000, 0.000000
fii, 27101, 0.626000, 0.000000
fii, 27201, 1.055000, 0.000000
fii, 27301, 0.540000, 0.000000
fii, 27401, 0.664000, 0.000000
fii, 27501, 0.567000, 0.000000
fii, 27601, 0.506000, 0.000000
fii, 27701, 0.958000, 0.000000
fii, 27801, 0.563000, 0.000000
fii, 27901, 0.639000, 0.000000
fii, 28001, 0.581000, 0.000000
fii, 28101, 0.573000, 0.000000
fii, 28201, 0.869000, 0.000000
fii, 28301, 0.543000, 0.000000
fii, 28401, 0.791000, 0.000000
fii, 28501, 0.535000, 0.000000
fii, 28601, 0.524000, 0.000000
fii, 28701, 0.667000, 0.000000
fii, 28801, 0.534000, 0.000000
fii, 28901, 0.653000, 0.000000
fii, 29001, 0.547000, 0.000000
fii, 29101, 0.558000, 0.000000
fii, 29201, 0.842000, 0.000000
fii, 29301, 0.556000, 0.000000
fii, 29401, 0.671000, 0.000000
fii, 29501, 0.633000, 0.000000
fii, 29601, 0.726000, 0.000000
fii, 29701, 0.883000, 0.000000
fii, 29801, 0.526000, 0.000000
fii, 29901, 0.835000, 0.000000
fii, 30001, 0.907000, 0.000000
fii, 30101, 0.565000, 0.000000
fii, 30201, 0.787000, 0.000000
fii, 30301, 0.919000, 0.000000
fii, 30401, 0.590000, 0.000000
fii, 30501, 0.592000, 0.000000
fii, 30601, 0.590000, 0.000000
fii, 30701, 0.572000, 0.000000
fii, 30801, 0.892000, 0.000000
fii, 30901, 0.524000, 0.000000
fii, 31001, 0.574000, 0.000000
fii, 31101, 0.737000, 0.000000
fii, 31201, 0.530000, 0.000000
fii, 31301, 0.863000, 0.000000
fii, 31401, 0.852000, 0.000000
fii, 31501, 0.825000, 0.000000
fii, 31601, 0.538000, 0.000000
fii, 31701, 0.616000, 0.000000
fii, 31801, 0.667000, 0.000000
fii, 31901, 0.555000, 0.000000
fii, 32001, 0.824000, 0.000000
fii, 32101, 0.615000, 0.000000
fii, 32201, 0.000000, 0.596000
fii, 32301, 0.680000, 0.000000
fii, 32401, 0.521000, 0.000000
fii, 32501, 0.898000, 0.000000
fii, 32601, 0.556000, 0.000000
fii, 32701, 0.515000, 0.000000
fii, 32801, 0.704000, 0.000000
fii, 32901, 0.615000, 0.000000
fii, 33001, 0.691000, 0.000000
fii, 33101, 0.566000, 0.000000
fii, 33201, 0.583000, 0.000000
fii, 33301, 0.834000, 0.000000
fii, 33401, 0.559000, 0.000000
fii, 33501, 0.751000, 0.000000
fii, 33601, 0.515000, 0.000000
fii, 33701, 0.544000, 0.000000
fii, 33801, 0.824000, 0.000000
fii, 33901, 0.563000, 0.000000
fii, 34001, 0.572000, 0.000000
fii, 34101, 0.551000, 0.000000
fii, 34201, 0.594000, 0.000000
fii, 34301, 0.947000, 0.000000
fii, 34401, 0.581000, 0.000000
fii, 34501, 0.958000, 0.000000
fii, 34601, 0.657000, 0.000000
fii, 34701, 0.597000, 0.000000
fii, 34801, 0.646000, 0.000000
fii, 34901, 0.594000, 0.000000
fii, 35001, 0.885000, 0.000000
fii, 35101, 0.592000, 0.000000
fii, 35201, 0.732000, 0.000000
fii, 35301, 0.567000, 0.000000
fii, 35401, 0.617000, 0.000000
fii, 35501, 0.665000, 0.000000
fii, 35601, 0.560000, 0.000000
fii, 35701, 0.713000, 0.000000
fii, 35801, 0.664000, 0.000000
fii, 35901, 0.697000, 0.000000
fii, 36001, 0.602000, 0.000000
fii, 36101, 0.576000, 0.000000
fii, 36201, 0.885000, 0.000000
fii, 36301, 0.575000, 0.000000
fii, 36401, 0.658000, 0.000000
fii, 36501, 0.559000, 0.000000
fii, 36601, 0.591000, 0.000000
fii, 36701, 1.342000, 0.000000
fii, 36801, 0.540000, 0.000000
fii, 36901, 0.565000, 0.000000
fii, 37001, 0.707000, 0.000000
fii, 37101, 0.512000, 0.000000
fii, 37201, 0.840000, 0.000000
fii, 37301, 0.590000, 0.000000
fii, 37401, 0.600000, 0.000000
fii, 37501, 0.547000, 0.000000
fii, 37601, 0.725000, 0.000000
fii, 37701, 0.856000, 0.000000
fii, 37801, 0.577000, 0.000000
fii, 37901, 0.762000, 0.000000
fii, 38001, 0.577000, 0.000000
fii, 38101, 0.568000, 0.000000
fii, 38201, 0.721000, 0.000000
fii, 38301, 0.604000, 0.000000
fii, 38401, 0.744000, 0.000000
fii, 38501, 0.600000, 0.000000
fii, 38601, 0.571000, 0.000000
fii, 38701, 0.532000, 0.000000
fii, 38801, 0.617000, 0.000000
fii, 38901, 1.185000, 0.000000
fii, 39001, 0.552000, 0.000000
fii, 39101, 0.695000, 0.000000
fii, 39201, 0.000000, 0.741000
fii, 39301, 0.557000, 0.000000
fii, 39401, 0.776000, 0.000000
fii, 39501, 0.613000, 0.000000
fii, 39601, 0.548000, 0.000000
fii, 39701, 0.627000, 0.000000
fii, 39801, 0.627000, 0.000000
fii, 39901, 0.761000, 0.000000
fii, 40001, 0.596000, 0.000000
fii, 40101, 0.809000, 0.000000
fii, 40201, 0.616000, 0.000000
fii, 40301, 0.582000, 0.000000
fii, 40401, 0.655000, 0.000000
fii, 40501, 0.600000, 0.000000
fii, 40601, 0.657000, 0.000000
fii, 40701, 0.524000, 0.000000
fii, 40801, 0.717000, 0.000000
fii, 40901, 0.553000, 0.000000
fii, 41001, 0.559000, 0.000000
fii, 41101, 0.925000, 0.000000
fii, 41201, 0.601000, 0.000000
fii, 41301, 0.618000, 0.000000
fii, 41401, 0.000000, 0.753000
fii, 41501, 0.567000, 0.000000
fii, 41601, 0.701000, 0.000000
fii, 41701, 0.767000, 0.000000
fii, 41801, 0.601000, 0.000000
fii, 41901, 0.539000, 0.000000
fii, 42001, 0.707000, 0.000000
fii, 42101, 0.927000, 0.000000
fii, 42201, 0.565000, 0.000000
fii, 42301, 0.809000, 0.000000
fii, 42401, 0.603000, 0.000000
fii, 42501, 0.627000, 0.000000
fii, 42601, 0.767000, 0.000000
fii, 42701, 1.160000, 0.000000
fii, 42801, 0.708000, 0.000000
fii, 42901, 0.954000, 0.000000
fii, 43001, 0.608000, 0.000000
fii, 43101, 0.567000, 0.000000
fii, 43201, 0.806000, 0.000000
fii, 43301, 0.560000, 0.000000
fii, 43401, 0.000000, 0.737000
fii, 43501, 0.623000, 0.000000
fii, 43601, 0.571000, 0.000000
fii, 43701, 0.730000, 0.000000
fii, 43801, 0.817000, 0.000000
fii, 43901, 0.665000, 0.000000
fii, 44001, 0.958000, 0.000000
fii, 44101, 1.046000, 0.000000
fii, 44201, 0.682000, 0.000000
fii, 44301, 0.000000, 1.462000
fii, 44401, 0.571000, 0.000000
fii, 44501, 0.680000, 0.000000
fii, 44601, 0.571000, 0.000000
fii, 44701, 0.602000, 0.000000
fii, 44801, 0.853000, 0.000000
fii, 44901, 0.581000, 0.000000
fii, 45001, 0.769000, 0.000000
fii, 45101, 0.796000, 0.000000
fii, 45201, 0.720000, 0.000000
fii, 45301, 0.678000, 0.000000
fii, 45401, 0.594000, 0.000000
fii, 45501, 0.729000, 0.000000
fii, 45601, 0.807000, 0.000000
fii, 45701, 0.808000, 0.000000
fii, 45801, 0.619000, 0.000000
fii, 45901, 0.603000, 0.000000
fii, 46001, 0.677000, 0.000000
fii, 46101, 0.958000, 0.000000
fii, 46201, 0.909000, 0.000000
fii, 46301, 0.580000, 0.000000
fii, 46401, 0.875000, 0.000000
fii, 46501, 0.594000, 0.000000
fii, 46601, 0.664000, 0.000000
fii, 46701, 0.645000, 0.000000
fii, 46801, 0.602000, 0.000000
fii, 46901, 1.010000, 0.000000
fii, 47001, 0.620000, 0.000000
fii, 47101, 0.563000, 0.000000
fii, 47201, 0.598000, 0.000000
fii, 47301, 0.675000, 0.000000
fii, 47401, 0.816000, 0.000000
fii, 47501, 0.600000, 0.000000
fii, 47601, 0.650000, 0.000000
fii, 47701, 0.558000, 0.000000
fii, 47801, 0.566000, 0.000000
fii, 47901, 0.817000, 0.000000
fii, 48001, 0.555000, 0.000000
fii, 48101, 0.599000, 0.000000
fii, 48201, 0.781000, 0.000000
fii, 48301, 0.550000, 0.000000
fii, 48401, 0.692000, 0.000000
fii, 48501, 0.572000, 0.000000
fii, 48601, 0.577000, 0.000000
fii, 48701, 0.703000, 0.000000
fii, 48801, 0.553000, 0.000000
fii, 48901, 0.704000, 0.000000
fii, 49001, 0.604000, 0.000000
fii, 49101, 0.623000, 0.000000
fii, 49201, 0.841000, 0.000000
fii, 49301, 0.606000, 0.000000
fii, 49401, 0.779000, 0.000000
fii, 49501, 0.618000, 0.000000
fii, 49601, 0.658000, 0.000000
fii, 49701, 0.601000, 0.000000
fii, 49801, 0.606000, 0.000000
fii, 49901, 0.799000, 0.000000
fii, 50001, 0.568000, 0.000000
fii, 50101, 0.607000, 0.000000
fii, 50201, 0.605000, 0.000000
fii, 50301, 0.634000, 0.000000
fii, 50401, 0.842000, 0.000000
fii, 50501, 0.581000, 0.000000
fii, 50601, 0.677000, 0.000000
fii, 50701, 0.585000, 0.000000
fii, 50801, 0.611000, 0.000000
fii, 50901, 0.927000, 0.000000
fii, 51001, 0.568000, 0.000000
fii, 51101, 0.598000, 0.000000
fii, 51201, 0.854000, 0.000000
fii, 51301, 0.606000, 0.000000
fii, 51401, 0.849000, 0.000000
fii, 51501, 0.568000, 0.000000
fii, 51601, 0.671000, 0.000000
fii, 51701, 0.602000, 0.000000
fii, 51801, 0.600000, 0.000000
fii, 51901, 0.864000, 0.000000
fii, 52001, 0.571000, 0.000000
fii, 52101, 0.687000, 0.000000
fii, 52201, 0.592000, 0.000000
fii, 52301, 0.610000, 0.000000
fii, 52401, 0.801000, 0.000000
fii, 52501, 0.584000, 0.000000
fii, 52601, 0.611000, 0.000000
fii, 52701, 0.617000, 0.000000
fii, 52801, 0.813000, 0.000000
fii, 52901, 0.896000, 0.000000
fii, 53001, 0.587000, 0.000000
fii, 53101, 0.562000, 0.000000
fii, 53201, 0.625000, 0.000000
fii, 53301, 0.559000, 0.000000
fii, 53401, 0.000000, 0.868000
fii, 53501, 0.597000, 0.000000
fii, 53601, 0.855000, 0.000000
fii, 53701, 0.785000, 0.000000
fii, 53801, 0.585000, 0.000000
fii, 53901, 0.914000, 0.000000
fii, 54001, 0.000000, 0.797000
fii, 54101, 0.562000, 0.000000
fii, 54201, 0.770000, 0.000000
fii, 54301, 0.569000, 0.000000
fii, 54401, 0.796000, 0.000000
fii, 54501, 0.600000, 0.000000
fii, 54601, 0.603000, 0.000000
fii, 54701, 0.646000, 0.000000
fii, 54801, 0.579000, 0.000000
fii, 54901, 0.671000, 0.000000
fii, 55001, 0.638000, 0.000000
fii, 55101, 0.617000, 0.000000
fii, 55201, 0.783000, 0.000000
fii, 55301, 0.890000, 0.000000
fii, 55401, 0.829000, 0.000000
fii, 55501, 1.059000, 0.000000
fii, 55601, 0.615000, 0.000000
fii, 55701, 0.891000, 0.000000
fii, 55801, 0.744000, 0.000000
fii, 55901, 0.577000, 0.000000
fii, 56001, 1.037000, 0.000000
fii, 56101, 0.798000, 0.000000
fii, 56201, 0.624000, 0.000000
fii, 56301, 0.595000, 0.000000
fii, 56401, 1.028000, 0.000000
fii, 56501, 0.994000, 0.000000
fii, 56601, 0.704000, 0.000000
fii, 56701, 1.074000, 0.000000
fii, 56801, 0.589000, 0.000000
fii, 56901, 0.717000, 0.000000
fii, 57001, 0.598000, 0.000000
fii, 57101, 0.899000, 0.000000
fii, 57201, 0.678000, 0.000000
fii, 57301, 0.841000, 0.000000
fii, 57401, 0.604000, 0.000000
fii, 57501, 0.574000, 0.000000
fii, 57601, 0.906000, 0.000000
fii, 57701, 0.701000, 0.000000
fii, 57801, 1.132000, 0.000000
fii, 57901, 0.596000, 0.000000
fii, 58001, 0.603000, 0.000000
fii, 58101, 0.603000, 0.000000
fii, 58201, 0.633000, 0.000000
fii, 58301, 0.908000, 0.000000
fii, 58401, 0.684000, 0.000000
fii, 58501, 0.780000, 0.000000
fii, 58601, 0.661000, 0.000000
fii, 58701, 0.550000, 0.000000
fii, 58801, 1.249000, 0.000000
fii, 58901, 0.651000, 0.000000
fii, 59001, 0.618000, 0.000000
fii, 59101, 0.586000, 0.000000
fii, 59201, 0.618000, 0.000000
fii, 59301, 1.217000, 0.000000
fii, 59401, 0.617000, 0.000000
fii, 59501, 0.885000, 0.000000
fii, 59601, 0.605000, 0.000000
fii, 59701, 0.606000, 0.000000
fii, 59801, 1.046000, 0.000000
fii, 59901, 0.667000, 0.000000
fii, 60001, 0.991000, 0.000000
fii, 60101, 0.643000, 0.000000
fii, 60201, 0.630000, 0.000000
fii, 60301, 0.748000, 0.000000
fii, 60401, 0.648000, 0.000000
fii, 60501, 0.788000, 0.000000
fii, 60601, 0.641000, 0.000000
fii, 60701, 0.681000, 0.000000
fii, 60801, 0.945000, 0.000000
fii, 60901, 0.606000, 0.000000
fii, 61001, 0.860000, 0.000000
fii, 61101, 0.593000, 0.000000
fii, 61201, 0.564000, 0.000000
fii, 61301, 0.899000, 0.000000
fii, 61401, 0.664000, 0.000000
fii, 61501, 0.792000, 0.000000
fii, 61601, 0.642000, 0.000000
fii, 61701, 0.573000, 0.000000
fii, 61801, 0.656000, 0.000000
fii, 61901, 0.662000, 0.000000
fii, 62001, 0.852000, 0.000000
fii, 62101, 0.586000, 0.000000
fii, 62201, 0.698000, 0.000000
fii, 62301, 0.714000, 0.000000
fii, 62401, 0.583000, 0.000000
fii, 62501, 0.914000, 0.000000
fii, 62601, 0.737000, 0.000000
fii, 62701, 0.643000, 0.000000
fii, 62801, 0.831000, 0.000000
fii, 62901, 0.589000, 0.000000
fii, 63001, 0.829000, 0.000000
fii, 63101, 0.631000, 0.000000
fii, 63201, 0.605000, 0.000000
fii, 63301, 0.727000, 0.000000
fii, 63401, 0.595000, 0.000000
fii, 63501, 0.886000, 0.000000
fii, 63601, 0.539000, 0.000000
fii, 63701, 0.691000, 0.000000
fii, 63801, 0.829000, 0.000000
fii, 63901, 0.607000, 0.000000
fii, 64001, 1.027000, 0.000000
fii, 64101, 0.631000, 0.000000
fii, 64201, 0.770000, 0.000000
fii, 64301, 0.645000, 0.000000
fii, 64401, 0.615000, 0.000000
fii, 64501, 0.669000, 0.000000
fii, 64601, 0.767000, 0.000000
fii, 64701, 0.995000, 0.000000
fii, 64801, 0.723000, 0.000000
fii, 64901, 1.033000, 0.000000
fii, 65001, 0.588000, 0.000000
fii, 65101, 0.668000, 0.000000
fii, 65201, 0.849000, 0.000000
fii, 65301, 0.749000, 0.000000
fii, 65401, 0.949000, 0.000000
fii, 65501, 0.577000, 0.000000
fii, 65601, 0.657000, 0.000000
fii, 65701, 1.170000, 0.000000
fii, 65801, 0.564000, 0.000000
fii, 65901, 0.787000, 0.000000
fii, 66001, 0.675000, 0.000000
fii, 66101, 0.000000, 0.619000
fii, 66201, 0.797000, 0.000000
fii, 66301, 0.709000, 0.000000
fii, 66401, 0.653000, 0.000000
fii, 66501, 0.641000, 0.000000
fii, 66601, 0.651000, 0.000000
fii, 66701, 0.000000, 1.085000
fii, 66801, 0.637000, 0.000000
fii, 66901, 0.762000, 0.000000
fii, 67001, 0.798000, 0.000000
fii, 67101, 0.671000, 0.000000
fii, 67201, 0.836000, 0.000000
fii, 67301, 0.620000, 0.000000
fii, 67401, 0.623000, 0.000000
fii, 67501, 0.842000, 0.000000
fii, 67601, 0.610000, 0.000000
fii, 67701, 0.703000, 0.000000
fii, 67801, 0.619000, 0.000000
fii, 67901, 0.000000, 1.264000
fii, 68001, 0.594000, 0.000000
fii, 68101, 0.832000, 0.000000
fii, 68201, 0.670000, 0.000000
fii, 68301, 0.660000, 0.000000
fii, 68401, 0.560000, 0.000000
fii, 68501, 0.710000, 0.000000
fii, 68601, 0.918000, 0.000000
fii, 68701, 0.651000, 0.000000
fii, 68801, 0.859000, 0.000000
fii, 68901, 0.704000, 0.000000
fii, 69001, 0.950000, 0.000000
fii, 69101, 0.000000, 0.761000
fii, 69201, 0.610000, 0.000000
fii, 69301, 1.032000, 0.000000
fii, 69401, 0.946000, 0.000000
fii, 69501, 0.852000, 0.000000
fii, 69601, 1.036000, 0.000000
fii, 69701, 1.071000, 0.000000
fii, 69801, 0.904000, 0.000000
fii, 69901, 0.605000, 0.000000
fii, 70001, 1.094000, 0.000000
fii, 70101, 0.732000, 0.000000
fii, 70201, 0.918000, 0.000000
fii, 70301, 0.630000, 0.000000
fii, 70401, 0.952000, 0.000000
fii, 70501, 0.626000, 0.000000
fii, 70601, 0.748000, 0.000000
fii, 70701, 0.886000, 0.000000
fii, 70801, 0.768000, 0.000000
fii, 70901, 0.000000, 1.178000
fii, 71001, 1.327000, 0.000000
fii, 71101, 0.943000, 0.000000
fii, 71201, 1.003000, 0.000000
fii, 71301, 1.062000, 0.000000
fii, 71401, 0.652000, 0.000000
fii, 71501, 1.013000, 0.000000
fii, 71601, 0.659000, 0.000000
fii, 71701, 0.638000, 0.000000
fii, 71801, 0.608000, 0.000000
fii, 71901, 0.694000, 0.000000
fii, 72001, 0.872000, 0.000000
fii, 72101, 0.638000, 0.000000
fii, 72201, 0.990000, 0.000000
fii, 72301, 0.000000, 0.828000
fii, 72401, 1.016000, 0.000000
fii, 72501, 0.669000, 0.000000
fii, 72601, 0.654000, 0.000000
fii, 72701, 0.709000, 0.000000
fii, 72801, 0.597000, 0.000000
fii, 72901, 0.954000, 0.000000
fii, 73001, 0.000000, 0.900000
fii, 73101, 0.611000, 0.000000
fii, 73201, 0.662000, 0.000000
fii, 73301, 0.751000, 0.000000
fii, 73401, 0.736000, 0.000000
fii, 73501, 0.612000, 0.000000
fii, 73601, 0.937000, 0.000000
fii, 73701, 0.623000, 0.000000
fii, 73801, 0.659000, 0.000000
fii, 73901, 0.840000, 0.000000
fii, 74001, 0.607000, 0.000000
fii, 74101, 0.732000, 0.000000
fii, 74201, 0.881000, 0.000000
fii, 74301, 0.685000, 0.000000
fii, 74401, 0.778000, 0.000000
fii, 74501, 0.715000, 0.000000
fii, 74601, 0.724000, 0.000000
fii, 74701, 0.627000, 0.000000
fii, 74801, 0.765000, 0.000000
fii, 74901, 0.741000, 0.000000
fii, 75001, 0.699000, 0.000000
fii, 75101, 0.000000, 0.935000
fii, 75201, 0.639000, 0.000000
fii, 75301, 0.683000, 0.000000
fii, 75401, 0.822000, 0.000000
fii, 75501, 0.610000, 0.000000
fii, 75601, 0.952000, 0.000000
fii, 75701, 0.643000, 0.000000
fii, 75801, 0.612000, 0.000000
fii, 75901, 0.770000, 0.000000
fii, 76001, 0.608000, 0.000000
fii, 76101, 1.313000, 0.000000
fii, 76201, 0.612000, 0.000000
fii, 76301, 0.649000, 0.000000
fii, 76401, 0.814000, 0.000000
fii, 76501, 0.640000, 0.000000
fii, 76601, 0.912000, 0.000000
fii, 76701, 0.628000, 0.000000
fii, 76801, 0.644000, 0.000000
fii, 76901, 0.000000, 0.875000
fii, 77001, 0.612000, 0.000000
fii, 77101, 0.748000, 0.000000
fii, 77201, 0.667000, 0.000000
fii, 77301, 0.672000, 0.000000
fii, 77401, 0.920000, 0.000000
fii, 77501, 0.623000, 0.000000
fii, 77601, 0.879000, 0.000000
fii, 77701, 0.609000, 0.000000
fii, 77801, 0.754000, 0.000000
fii, 77901, 0.783000, 0.000000
fii, 78001, 0.772000, 0.000000
fii, 78101, 0.871000, 0.000000
fii, 78201, 0.603000, 0.000000
fii, 78301, 0.640000, 0.000000
fii, 78401, 0.979000, 0.000000
fii, 78501, 0.633000, 0.000000
fii, 78601, 0.897000, 0.000000
fii, 78701, 0.000000, 0.659000
fii, 78801, 0.715000, 0.000000
fii, 78901, 0.767000, 0.000000
fii, 79001, 0.691000, 0.000000
fii, 79101, 0.871000, 0.000000
fii, 79201, 0.647000, 0.000000
fii, 79301, 0.763000, 0.000000
fii, 79401, 0.649000, 0.000000
fii, 79501, 0.706000, 0.000000
fii, 79601, 0.814000, 0.000000
fii, 79701, 0.815000, 0.000000
fii, 79801, 0.934000, 0.000000
fii, 79901, 0.617000, 0.000000
fii, 80001, 0.679000, 0.000000
fii, 80101, 0.674000, 0.000000
fii, 80201, 0.628000, 0.000000
fii, 80301, 1.113000, 0.000000
fii, 80401, 1.093000, 0.000000
fii, 80501, 1.226000, 0.000000
fii, 80601, 0.832000, 0.000000
fii, 80701, 1.064000, 0.000000
fii, 80801, 0.625000, 0.000000
fii, 80901, 0.779000, 0.000000
fii, 81001, 0.660000, 0.000000
fii, 81101, 0.767000, 0.000000
fii, 81201, 0.691000, 0.000000
fii, 81301, 0.652000, 0.000000
fii, 81401, 0.688000, 0.000000
fii, 81501, 0.658000, 0.000000
fii, 81601, 0.000000, 1.255000
fii, 81701, 0.684000, 0.000000
fii, 81801, 0.697000, 0.000000
fii, 81901, 1.002000, 0.000000
fii, 82001, 1.240000, 0.000000
fii, 82101, 0.000000, 0.861000
fii, 82201, 0.902000, 0.000000
fii, 82301, 0.618000, 0.000000
fii, 82401, 0.638000, 0.000000
fii, 82501, 0.827000, 0.000000
fii, 82601, 0.631000, 0.000000
fii, 82701, 0.984000, 0.000000
fii, 82801, 0.821000, 0.000000
fii, 82901, 0.641000, 0.000000
fii, 83001, 0.710000, 0.000000
fii, 83101, 0.713000, 0.000000
fii, 83201, 0.889000, 0.000000
fii, 83301, 0.813000, 0.000000
fii, 83401, 0.715000, 0.000000
fii, 83501, 0.645000, 0.000000
fii, 83601, 0.671000, 0.000000
fii, 83701, 1.034000, 0.000000
fii, 83801, 0.629000, 0.000000
fii, 83901, 0.658000, 0.000000
fii, 84001, 0.770000, 0.000000
fii, 84101, 0.803000, 0.000000
fii, 84201, 0.931000, 0.000000
fii, 84301, 0.726000, 0.000000
fii, 84401, 0.710000, 0.000000
fii, 84501, 0.921000, 0.000000
fii, 84601, 0.672000, 0.000000
fii, 84701, 1.191000, 0.000000
fii, 84801, 0.683000, 0.000000
fii, 84901, 0.906000, 0.000000
fii, 85001, 0.742000, 0.000000
fii, 85101, 0.629000, 0.000000
fii, 85201, 1.000000, 0.000000
fii, 85301, 0.770000, 0.000000
fii, 85401, 0.641000, 0.000000
fii, 85501, 0.820000, 0.000000
fii, 85601, 0.800000, 0.000000
fii, 85701, 0.797000, 0.000000
fii, 85801, 0.659000, 0.000000
fii, 85901, 0.951000, 0.000000
fii, 86001, 0.625000, 0.000000
fii, 86101, 0.626000, 0.000000
fii, 86201, 0.790000, 0.000000
fii, 86301, 0.612000, 0.000000
fii, 86401, 0.770000, 0.000000
fii, 86501, 0.762000, 0.000000
fii, 86601, 0.689000, 0.000000
fii, 86701, 0.753000, 0.000000
fii, 86801, 0.732000, 0.000000
fii, 86901, 1.096000, 0.000000
fii, 87001, 0.684000, 0.000000
fii, 87101, 0.753000, 0.000000
fii, 87201, 0.740000, 0.000000
fii, 87301, 0.639000, 0.000000
fii, 87401, 0.754000, 0.000000
fii, 87501, 0.816000, 0.000000
fii, 87601, 1.036000, 0.000000
fii, 87701, 0.000000, 0.889000
fii, 87801, 1.327000, 0.000000
fii, 87901, 0.742000, 0.000000
fii, 88001, 1.073000, 0.000000
fii, 88101, 0.784000, 0.000000
fii, 88201, 0.919000, 0.000000
fii, 88301, 0.735000, 0.000000
fii, 88401, 0.880000, 0.000000
fii, 88501, 0.984000, 0.000000
fii, 88601, 0.777000, 0.000000
fii, 88701, 1.118000, 0.000000
fii, 88801, 0.804000, 0.000000
fii, 88901, 0.814000, 0.000000
fii, 89001, 0.749000, 0.000000
fii, 89101, 0.657000, 0.000000
fii, 89201, 1.230000, 0.000000
fii, 89301, 0.665000, 0.000000
fii, 89401, 0.958000, 0.000000
fii, 89501, 0.777000, 0.000000
fii, 89601, 0.796000, 0.000000
fii, 89701, 0.876000, 0.000000
fii, 89801, 0.810000, 0.000000
fii, 89901, 0.932000, 0.000000
fai, 1, 0.395000, 0.000000
fai, 101, 0.603000, 0.000000
fai, 201, 0.518000, 0.000000
fai, 301, 0.584000, 0.000000
fai, 401, 0.695000, 0.000000
fai, 501, 0.653000, 0.000000
fai, 601, 0.599000, 0.000000
fai, 701, 0.667000, 0.000000
fai, 801, 0.492000, 0.000000
fai, 901, 0.616000, 0.000000
fai, 1001, 0.554000, 0.000000
fai, 1101, 0.424000, 0.000000
fai, 1201, 0.605000, 0.000000
fai, 1301, 0.493000, 0.000000
fai, 1401, 0.500000, 0.000000
fai, 1501, 0.641000, 0.000000
fai, 1601, 0.000000, 0.522000
fai, 1701, 0.769000, 0.000000
fai, 1801, 0.486000, 0.000000
fai, 1901, 0.677000, 0.000000
fai, 2001, 0.675000, 0.000000
fai, 2101, 0.540000, 0.000000
fai, 2201, 0.728000, 0.000000
fai, 2301, 0.718000, 0.000000
fai, 2401, 0.476000, 0.000000
fai, 2501, 0.527000, 0.000000
fai, 2601, 0.488000, 0.000000
fai, 2701, 0.497000, 0.000000
fai, 2801, 1.022000, 0.000000
fai, 2901, 0.449000, 0.000000
fai, 3001, 0.535000, 0.000000
fai, 3101, 0.670000, 0.000000
fai, 3201, 0.485000, 0.000000
fai, 3301, 0.808000, 0.000000
fai, 3401, 0.000000, 0.608000
fai, 3501, 0.692000, 0.000000
fai, 3601, 0.516000, 0.000000
fai, 3701, 0.538000, 0.000000
fai, 3801, 0.668000, 0.000000
fai, 3901, 0.506000, 0.000000
fai, 4001, 0.472000, 0.000000
fai, 4101, 0.654000, 0.000000
fai, 4201, 0.539000, 0.000000
fai, 4301, 0.488000, 0.000000
fai, 4401, 0.725000, 0.000000
fai, 4501, 0.474000, 0.000000
fai, 4601, 0.472000, 0.000000
fai, 4701, 0.821000, 0.000000
fai, 4801, 0.490000, 0.000000
fai, 4901, 0.533000, 0.000000
fai, 5001, 0.727000, 0.000000
fai, 5101, 0.571000, 0.000000
fai, 5201, 0.702000, 0.000000
fai, 5301, 0.517000, 0.000000
fai, 5401, 0.000000, 0.665000
fai, 5501, 0.609000, 0.000000
fai, 5601, 0.574000, 0.000000
fai, 5701, 0.676000, 0.000000
fai, 5801, 0.484000, 0.000000
fai, 5901, 0.517000, 0.000000
fai, 6001, 0.658000, 0.000000
fai, 6101, 0.462000, 0.000000
fai, 6201, 0.618000, 0.000000
fai, 6301, 0.705000, 0.000000
fai, 6401, 0.610000, 0.000000
fai, 6501, 0.531000, 0.000000
fai, 6601, 0.469000, 0.000000
fai, 6701, 0.746000, 0.000000
fai, 6801, 0.478000, 0.000000
fai, 6901, 0.472000, 0.000000
fai, 7001, 0.611000, 0.000000
fai, 7101, 0.483000, 0.000000
fai, 7201, 0.637000, 0.000000
fai, 7301, 0.581000, 0.000000
fai, 7401, 0.504000, 0.000000
fai, 7501, 0.539000, 0.000000
fai, 7601, 0.670000, 0.000000
fai, 7701, 0.620000, 0.000000
fai, 7801, 0.487000, 0.000000
fai, 7901, 0.496000, 0.000000
fai, 8001, 0.715000, 0.000000
fai, 8101, 0.712000, 0.000000
fai, 8201, 0.715000, 0.000000
fai, 8301, 0.695000, 0.000000
fai, 8401, 0.674000, 0.000000
fai, 8501, 0.801000, 0.000000
fai, 8601, 0.720000, 0.000000
fai, 8701, 0.662000, 0.000000
fai, 8801, 0.630000, 0.000000
fai, 8901, 0.754000, 0.000000
fai, 9001, 0.656000, 0.000000
fai, 9101, 0.978000, 0.000000
fai, 9201, 0.821000, 0.000000
fai, 9301, 0.832000, 0.000000
fai, 9401, 0.740000, 0.000000
fai, 9501, 0.904000, 0.000000
fai, 9601, 0.557000, 0.000000
fai, 9701, 0.000000, 0.739000
fai, 9801, 0.505000, 0.000000
fai, 9901, 0.693000, 0.000000
fai, 10001, 0.634000, 0.000000
fai, 10101, 0.532000, 0.000000
fai, 10201, 0.614000, 0.000000
fai, 10301, 0.522000, 0.000000
fai, 10401, 0.543000, 0.000000
fai, 10501, 0.581000, 0.000000
fai, 10601, 0.559000, 0.000000
fai, 10701, 0.538000, 0.000000
fai, 10801, 0.464000, 0.000000
fai, 10901, 0.691000, 0.000000
fai, 11001, 0.721000, 0.000000
fai, 11101, 0.497000, 0.000000
fai, 11201, 0.802000, 0.000000
fai, 11301, 0.535000, 0.000000
fai, 11401, 0.527000, 0.000000
fai, 11501, 0.497000, 0.000000
fai, 11601, 0.539000, 0.000000
fai, 11701, 0.807000, 0.000000
fai, 11801, 0.490000, 0.000000
fai, 11901, 0.702000, 0.000000
fai, 12001, 0.511000, 0.000000
fai, 12101, 0.508000, 0.000000
fai, 12201, 0.644000, 0.000000
fai, 12301, 0.456000, 0.000000
fai, 12401, 0.608000, 0.000000
fai, 12501, 0.598000, 0.000000
fai, 12601, 0.532000, 0.000000
fai, 12701, 0.746000, 0.000000
fai, 12801, 0.631000, 0.000000
fai, 12901, 0.531000, 0.000000
fai, 13001, 0.815000, 0.000000
fai, 13101, 0.695000, 0.000000
fai, 13201, 0.942000, 0.000000
fai, 13301, 0.898000, 0.000000
fai, 13401, 0.699000, 0.000000
fai, 13501, 0.762000, 0.000000
fai, 13601, 0.619000, 0.000000
fai, 13701, 0.765000, 0.000000
fai, 13801, 0.595000, 0.000000
fai, 13901, 0.687000, 0.000000
fai, 14001, 0.826000, 0.000000
fai, 14101, 0.480000, 0.000000
fai, 14201, 0.532000, 0.000000
fai, 14301, 0.727000, 0.000000
fai, 14401, 0.499000, 0.000000
fai, 14501, 0.790000, 0.000000
fai, 14601, 1.001000, 0.000000
fai, 14701, 0.636000, 0.000000
fai, 14801, 0.803000, 0.000000
fai, 14901, 0.744000, 0.000000
fai, 15001, 0.542000, 0.000000
fai, 15101, 0.591000, 0.000000
fai, 15201, 0.590000, 0.000000
fai, 15301, 0.538000, 0.000000
fai, 15401, 0.512000, 0.000000
fai, 15501, 0.673000, 0.000000
fai, 15601, 0.458000, 0.000000
fai, 15701, 0.594000, 0.000000
fai, 15801, 0.656000, 0.000000
fai, 15901, 0.605000, 0.000000
fai, 16001, 0.485000, 0.000000
fai, 16101, 0.913000, 0.000000
fai, 16201, 0.938000, 0.000000
fai, 16301, 0.745000, 0.000000
fai, 16401, 0.833000, 0.000000
fai, 16501, 0.554000, 0.000000
fai, 16601, 0.810000, 0.000000
fai, 16701, 0.723000, 0.000000
fai, 16801, 0.513000, 0.000000
fai, 16901, 0.605000, 0.000000
fai, 17001, 0.537000, 0.000000
fai, 17101, 0.529000, 0.000000
fai, 17201, 0.509000, 0.000000
fai, 17301, 0.538000, 0.000000
fai, 17401, 0.743000, 0.000000
fai, 17501, 0.626000, 0.000000
fai, 17601, 0.576000, 0.000000
fai, 17701, 0.818000, 0.000000
fai, 17801, 0.000000, 0.870000
fai, 17901, 0.655000, 0.000000
fai, 18001, 0.565000, 0.000000
fai, 18101, 0.521000, 0.000000
fai, 18201, 0.613000, 0.000000
fai, 18301, 0.683000, 0.000000
fai, 18401, 0.506000, 0.000000
fai, 18501, 0.534000, 0.000000
fai, 18601, 0.532000, 0.000000
fai, 18701, 0.929000, 0.000000
fai, 18801, 0.501000, 0.000000
fai, 18901, 0.528000, 0.000000
fai, 19001, 0.620000, 0.000000
fai, 19101, 0.531000, 0.000000
fai, 19201, 0.773000, 0.000000
fai, 19301, 0.793000, 0.000000
fai, 19401, 1.012000, 0.000000
fai, 19501, 0.657000, 0.000000
fai, 19601, 0.801000, 0.000000
fai, 19701, 0.520000, 0.000000
fai, 19801, 0.000000, 0.741000
fai, 19901, 0.555000, 0.000000
fai, 20001, 0.596000, 0.000000
fai, 20101, 0.000000, 0.669000
fai, 20201, 0.530000, 0.000000
fai, 20301, 0.789000, 0.000000
fai, 20401, 0.792000, 0.000000
fai, 20501, 0.586000, 0.000000
fai, 20601, 0.701000, 0.000000
fai, 20701, 0.537000, 0.000000
fai, 20801, 0.783000, 0.000000
fai, 20901, 0.604000, 0.000000
fai, 21001, 0.649000, 0.000000
fai, 21101, 0.525000, 0.000000
fai, 21201, 0.600000, 0.000000
fai, 21301, 0.000000, 0.791000
fai, 21401, 0.529000, 0.000000
fai, 21501, 0.565000, 0.000000
fai, 21601, 0.622000, 0.000000
fai, 21701, 0.532000, 0.000000
fai, 21801, 0.000000, 0.698000
fai, 21901, 0.505000, 0.000000
fai, 22001, 0.536000, 0.000000
fai, 22101, 0.816000, 0.000000
fai, 22201, 0.507000, 0.000000
fai, 22301, 0.537000, 0.000000
fai, 22401, 0.617000, 0.000000
fai, 22501, 0.564000, 0.000000
fai, 22601, 0.800000, 0.000000
fai, 22701, 0.553000, 0.000000
fai, 22801, 0.529000, 0.000000
fai, 22901, 0.554000, 0.000000
fai, 23001, 0.500000, 0.000000
fai, 23101, 0.765000, 0.000000
fai, 23201, 0.504000, 0.000000
fai, 23301, 0.544000, 0.000000
fai, 23401, 0.508000, 0.000000
fai, 23501, 0.495000, 0.000000
fai, 23601, 0.875000, 0.000000
fai, 23701, 0.562000, 0.000000
fai, 23801, 0.539000, 0.000000
fai, 23901, 0.534000, 0.000000
fai, 24001, 0.570000, 0.000000
fai, 24101, 0.940000, 0.000000
fai, 24201, 0.537000, 0.000000
fai, 24301, 0.783000, 0.000000
fai, 24401, 0.532000, 0.000000
fai, 24501, 0.540000, 0.000000
fai, 24601, 0.542000, 0.000000
fai, 24701, 0.547000, 0.000000
fai, 24801, 0.883000, 0.000000
fai, 24901, 0.663000, 0.000000
fai, 25001, 0.567000, 0.000000
fai, 25101, 0.529000, 0.000000
fai, 25201, 0.597000, 0.000000
fai, 25301, 0.790000, 0.000000
fai, 25401, 0.537000, 0.000000
fai, 25501, 0.590000, 0.000000
fai, 25601, 0.653000, 0.000000
fai, 25701, 0.613000, 0.000000
fai, 25801, 0.515000, 0.000000
fai, 25901, 0.563000, 0.000000
fai, 26001, 0.553000, 0.000000
fai, 26101, 0.704000, 0.000000
fai, 26201, 0.701000, 0.000000
fai, 26301, 0.949000, 0.000000
fai, 26401, 0.616000, 0.000000
fai, 26501, 0.983000, 0.000000
fai, 26601, 0.565000, 0.000000
fai, 26701, 0.789000, 0.000000
fai, 26801, 0.545000, 0.000000
fai, 26901, 0.521000, 0.000000
fai, 27001, 0.611000, 0.000000
fai, 27101, 0.536000, 0.000000
fai, 27201, 0.540000, 0.000000
fai, 27301, 0.556000, 0.000000
fai, 27401, 0.501000, 0.000000
fai, 27501, 0.772000, 0.000000
fai, 27601, 0.505000, 0.000000
fai, 27701, 0.596000, 0.000000
fai, 27801, 0.515000, 0.000000
fai, 27901, 0.522000, 0.000000
fai, 28001, 1.106000, 0.000000
fai, 28101, 0.824000, 0.000000
fai, 28201, 0.834000, 0.000000
fai, 28301, 0.566000, 0.000000
fai, 28401, 0.807000, 0.000000
fai, 28501, 0.660000, 0.000000
fai, 28601, 0.707000, 0.000000
fai, 28701, 0.532000, 0.000000
fai, 28801, 0.625000, 0.000000
fai, 28901, 0.628000, 0.000000
fai, 29001, 0.534000, 0.000000
fai, 29101, 0.707000, 0.000000
fai, 29201, 0.000000, 0.698000
fai, 29301, 0.594000, 0.000000
fai, 29401, 0.654000, 0.000000
fai, 29501, 0.580000, 0.000000
fai, 29601, 0.597000, 0.000000
fai, 29701, 0.630000, 0.000000
fai, 29801, 0.548000, 0.000000
fai, 29901, 0.635000, 0.000000
fai, 30001, 0.563000, 0.000000
fai, 30101, 0.785000, 0.000000
fai, 30201, 0.600000, 0.000000
fai, 30301, 0.531000, 0.000000
fai, 30401, 0.687000, 0.000000
fai, 30501, 0.527000, 0.000000
fai, 30601, 0.790000, 0.000000
fai, 30701, 0.541000, 0.000000
fai, 30801, 0.591000, 0.000000
fai, 30901, 0.909000, 0.000000
fai, 31001, 0.000000, 0.622000
fai, 31101, 0.564000, 0.000000
fai, 31201, 0.641000, 0.000000
fai, 31301, 0.562000, 0.000000
fai, 31401, 0.825000, 0.000000
fai, 31501, 0.573000, 0.000000
fai, 31601, 0.541000, 0.000000
fai, 31701, 0.711000, 0.000000
fai, 31801, 0.518000, 0.000000
fai, 31901, 0.688000, 0.000000
fai, 32001, 0.620000, 0.000000
fai, 32101, 0.525000, 0.000000
fai, 32201, 0.973000, 0.000000
fai, 32301, 0.612000, 0.000000
fai, 32401, 0.562000, 0.000000
fai, 32501, 0.633000, 0.000000
fai, 32601, 0.559000, 0.000000
fai, 32701, 0.738000, 0.000000
fai, 32801, 0.645000, 0.000000
fai, 32901, 0.560000, 0.000000
fai, 33001, 0.742000, 0.000000
fai, 33101, 0.547000, 0.000000
fai, 33201, 0.600000, 0.000000
fai, 33301, 0.731000, 0.000000
fai, 33401, 0.762000, 0.000000
fai, 33501, 0.794000, 0.000000
fai, 33601, 0.551000, 0.000000
fai, 33701, 0.742000, 0.000000
fai, 33801, 0.695000, 0.000000
fai, 33901, 0.598000, 0.000000
fai, 34001, 0.698000, 0.000000
fai, 34101, 0.562000, 0.000000
fai, 34201, 0.657000, 0.000000
fai, 34301, 0.560000, 0.000000
fai, 34401, 0.562000, 0.000000
fai, 34501, 0.768000, 0.000000
fai, 34601, 0.748000, 0.000000
fai, 34701, 0.659000, 0.000000
fai, 34801, 0.749000, 0.000000
fai, 34901, 0.584000, 0.000000
fai, 35001, 0.989000, 0.000000
fai, 35101, 0.561000, 0.000000
fai, 35201, 0.622000, 0.000000
fai, 35301, 0.574000, 0.000000
fai, 35401, 0.556000, 0.000000
fai, 35501, 1.002000, 0.000000
fai, 35601, 0.549000, 0.000000
fai, 35701, 0.577000, 0.000000
fai, 35801, 0.615000, 0.000000
fai, 35901, 0.579000, 0.000000
fai, 36001, 1.300000, 0.000000
fai, 36101, 0.602000, 0.000000
fai, 36201, 0.000000, 0.914000
fai, 36301, 0.702000, 0.000000
fai, 36401, 0.915000, 0.000000
fai, 36501, 0.807000, 0.000000
fai, 36601, 1.006000, 0.000000
fai, 36701, 0.759000, 0.000000
fai, 36801, 0.660000, 0.000000
fai, 36901, 0.522000, 0.000000
fai, 37001, 0.599000, 0.000000
fai, 37101, 0.911000, 0.000000
fai, 37201, 0.523000, 0.000000
fai, 37301, 0.714000, 0.000000
fai, 37401, 0.580000, 0.000000
fai, 37501, 0.637000, 0.000000
fai, 37601, 0.818000, 0.000000
fai, 37701, 0.692000, 0.000000
fai, 37801, 0.978000, 0.000000
fai, 37901, 0.000000, 0.787000
fai, 38001, 0.709000, 0.000000
fai, 38101, 0.687000, 0.000000
fai, 38201, 0.543000, 0.000000
fai, 38301, 0.665000, 0.000000
fai, 38401, 0.638000, 0.000000
fai, 38501, 0.684000, 0.000000
fai, 38601, 0.555000, 0.000000
fai, 38701, 0.523000, 0.000000
fai, 38801, 0.739000, 0.000000
fai, 38901, 0.602000, 0.000000
fai, 39001, 0.812000, 0.000000
fai, 39101, 0.587000, 0.000000
fai, 39201, 0.814000, 0.000000
fai, 39301, 0.000000, 0.731000
fai, 39401, 0.677000, 0.000000
fai, 39501, 0.736000, 0.000000
fai, 39601, 0.544000, 0.000000
fai, 39701, 0.668000, 0.000000
fai, 39801, 0.832000, 0.000000
fai, 39901, 0.621000, 0.000000
fai, 40001, 0.769000, 0.000000
fai, 40101, 0.708000, 0.000000
fai, 40201, 0.546000, 0.000000
fai, 40301, 0.675000, 0.000000
fai, 40401, 0.582000, 0.000000
fai, 40501, 0.711000, 0.000000
fai, 40601, 0.565000, 0.000000
fai, 40701, 0.664000, 0.000000
fai, 40801, 0.740000, 0.000000
fai, 40901, 0.567000, 0.000000
fai, 41001, 0.590000, 0.000000
fai, 41101, 0.545000, 0.000000
fai, 41201, 0.562000, 0.000000
fai, 41301, 0.818000, 0.000000
fai, 41401, 0.568000, 0.000000
fai, 41501, 0.627000, 0.000000
fai, 41601, 0.789000, 0.000000
fai, 41701, 0.000000, 0.624000
fai, 41801, 0.801000, 0.000000
fai, 41901, 0.604000, 0.000000
fai, 42001, 0.553000, 0.000000
fai, 42101, 0.973000, 0.000000
fai, 42201, 0.840000, 0.000000
fai, 42301, 0.765000, 0.000000
fai, 42401, 0.569000, 0.000000
fai, 42501, 0.741000, 0.000000
fai, 42601, 0.614000, 0.000000
fai, 42701, 0.563000, 0.000000
fai, 42801, 0.545000, 0.000000
fai, 42901, 0.695000, 0.000000
fai, 43001, 1.403000, 0.000000
fai, 43101, 0.661000, 0.000000
fai, 43201, 0.825000, 0.000000
fai, 43301, 0.664000, 0.000000
fai, 43401, 0.690000, 0.000000
fai, 43501, 0.545000, 0.000000
fai, 43601, 0.635000, 0.000000
fai, 43701, 0.780000, 0.000000
fai, 43801, 0.582000, 0.000000
fai, 43901, 0.781000, 0.000000
fai, 44001, 0.682000, 0.000000
fai, 44101, 0.771000, 0.000000
fai, 44201, 0.754000, 0.000000
fai, 44301, 0.594000, 0.000000
fai, 44401, 0.690000, 0.000000
fai, 44501, 0.577000, 0.000000
fai, 44601, 0.696000, 0.000000
fai, 44701, 0.823000, 0.000000
fai, 44801, 0.863000, 0.000000
fai, 44901, 0.561000, 0.000000
fai, 45001, 0.591000, 0.000000
fai, 45101, 0.696000, 0.000000
fai, 45201, 0.000000, 0.600000
fai, 45301, 0.780000, 0.000000
fai, 45401, 0.597000, 0.000000
fai, 45501, 0.659000, 0.000000
fai, 45601, 0.766000, 0.000000
fai, 45701, 0.573000, 0.000000
fai, 45801, 0.670000, 0.000000
fai, 45901, 0.572000, 0.000000
fai, 46001, 0.578000, 0.000000
fai, 46101, 0.000000, 0.966000
fai, 46201, 0.594000, 0.000000
fai, 46301, 0.963000, 0.000000
fai, 46401, 0.579000, 0.000000
fai, 46501, 0.604000, 0.000000
fai, 46601, 0.693000, 0.000000
fai, 46701, 0.561000, 0.000000
fai, 46801, 0.908000, 0.000000
fai, 46901, 0.663000, 0.000000
fai, 47001, 0.000000, 0.630000
fai, 47101, 0.672000, 0.000000
fai, 47201, 0.805000, 0.000000
fai, 47301, 0.860000, 0.000000
fai, 47401, 0.561000, 0.000000
fai, 47501, 0.580000, 0.000000
fai, 47601, 0.672000, 0.000000
fai, 47701, 0.621000, 0.000000
fai, 47801, 0.740000, 0.000000
fai, 47901, 0.579000, 0.000000
fai, 48001, 0.617000, 0.000000
fai, 48101, 0.721000, 0.000000
fai, 48201, 0.605000, 0.000000
fai, 48301, 0.865000, 0.000000
fai, 48401, 0.621000, 0.000000
fai, 48501, 0.000000, 0.658000
fai, 48601, 0.631000, 0.000000
fai, 48701, 0.598000, 0.000000
fai, 48801, 0.771000, 0.000000
fai, 48901, 0.591000, 0.000000
fai, 49001, 0.595000, 0.000000
fai, 49101, 0.785000, 0.000000
fai, 49201, 0.533000, 0.000000
fai, 49301, 0.780000, 0.000000
fai, 49401, 0.547000, 0.000000
fai, 49501, 0.690000, 0.000000
fai, 49601, 0.629000, 0.000000
fai, 49701, 0.587000, 0.000000
fai, 49801, 0.885000, 0.000000
fai, 49901, 0.648000, 0.000000
fai, 50001, 0.563000, 0.000000
fai, 50101, 0.612000, 0.000000
fai, 50201, 0.617000, 0.000000
fai, 50301, 0.636000, 0.000000
fai, 50401, 0.554000, 0.000000
fai, 50501, 0.682000, 0.000000
fai, 50601, 0.579000, 0.000000
fai, 50701, 0.599000, 0.000000
fai, 50801, 0.619000, 0.000000
fai, 50901, 0.591000, 0.000000
fai, 51001, 0.735000, 0.000000
fai, 51101, 0.000000, 0.600000
fai, 51201, 0.620000, 0.000000
fai, 51301, 0.612000, 0.000000
fai, 51401, 0.000000, 0.693000
fai, 51501, 0.885000, 0.000000
fai, 51601, 0.592000, 0.000000
fai, 51701, 0.776000, 0.000000
fai, 51801, 0.736000, 0.000000
fai, 51901, 0.618000, 0.000000
fai, 52001, 0.644000, 0.000000
fai, 52101, 0.567000, 0.000000
fai, 52201, 0.699000, 0.000000
fai, 52301, 0.618000, 0.000000
fai, 52401, 0.600000, 0.000000
fai, 52501, 0.866000, 0.000000
fai, 52601, 0.548000, 0.000000
fai, 52701, 0.794000, 0.000000
fai, 52801, 0.580000, 0.000000
fai, 52901, 0.603000, 0.000000
fai, 53001, 1.013000, 0.000000
fai, 53101, 0.576000, 0.000000
fai, 53201, 0.683000, 0.000000
fai, 53301, 0.633000, 0.000000
fai, 53401, 0.562000, 0.000000
fai, 53501, 0.000000, 1.011000
fai, 53601, 0.662000, 0.000000
fai, 53701, 0.672000, 0.000000
fai, 53801, 0.613000, 0.000000
fai, 53901, 0.678000, 0.000000
fai, 54001, 0.903000, 0.000000
fai, 54101, 0.620000, 0.000000
fai, 54201, 0.708000, 0.000000
fai, 54301, 0.600000, 0.000000
fai, 54401, 0.000000, 0.716000
fai, 54501, 0.811000, 0.000000
fai, 54601, 0.627000, 0.000000
fai, 54701, 0.758000, 0.000000
fai, 54801, 0.822000, 0.000000
fai, 54901, 0.583000, 0.000000
fai, 55001, 0.746000, 0.000000
fai, 55101, 0.584000, 0.000000
fai, 55201, 0.614000, 0.000000
fai, 55301, 0.767000, 0.000000
fai, 55401, 0.613000, 0.000000
fai, 55501, 0.884000, 0.000000
fai, 55601, 0.637000, 0.000000
fai, 55701, 0.849000, 0.000000
fai, 55801, 0.872000, 0.000000
fai, 55901, 1.009000, 0.000000
fai, 56001, 0.911000, 0.000000
fai, 56101, 1.025000, 0.000000
fai, 56201, 0.645000, 0.000000
fai, 56301, 0.000000, 0.843000
fai, 56401, 0.645000, 0.000000
fai, 56501, 0.772000, 0.000000
fai, 56601, 0.562000, 0.000000
fai, 56701, 0.621000, 0.000000
fai, 56801, 0.877000, 0.000000
fai, 56901, 0.603000, 0.000000
fai, 57001, 0.000000, 0.817000
fai, 57101, 1.072000, 0.000000
fai, 57201, 1.056000, 0.000000
fai, 57301, 0.870000, 0.000000
fai, 57401, 1.069000, 0.000000
fai, 57501, 0.686000, 0.000000
fai, 57601, 0.881000, 0.000000
fai, 57701, 0.922000, 0.000000
fai, 57801, 0.728000, 0.000000
fai, 57901, 0.902000, 0.000000
fai, 58001, 0.000000, 0.752000
fai, 58101, 1.006000, 0.000000
fai, 58201, 0.765000, 0.000000
fai, 58301, 1.332000, 0.000000
fai, 58401, 0.000000, 0.915000
fai, 58501, 0.784000, 0.000000
fai, 58601, 0.910000, 0.000000
fai, 58701, 0.741000, 0.000000
fai, 58801, 0.932000, 0.000000
fai, 58901, 0.898000, 0.000000
fai, 59001, 1.163000, 0.000000
fai, 59101, 0.651000, 0.000000
fai, 59201, 0.682000, 0.000000
fai, 59301, 0.790000, 0.000000
fai, 59401, 0.610000, 0.000000
fai, 59501, 0.673000, 0.000000
fai, 59601, 0.799000, 0.000000
fai, 59701, 0.832000, 0.000000
fai, 59801, 0.733000, 0.000000
fai, 59901, 1.140000, 0.000000
fai, 60001, 0.655000, 0.000000
fai, 60101, 0.810000, 0.000000
fai, 60201, 0.677000, 0.000000
fai, 60301, 0.648000, 0.000000
fai, 60401, 0.699000, 0.000000
fai, 60501, 0.666000, 0.000000
fai, 60601, 0.932000, 0.000000
fai, 60701, 0.000000, 0.696000
fai, 60801, 1.174000, 0.000000
fai, 60901, 0.651000, 0.000000
fai, 61001, 0.806000, 0.000000
fai, 61101, 0.688000, 0.000000
fai, 61201, 0.660000, 0.000000
fai, 61301, 0.710000, 0.000000
fai, 61401, 0.653000, 0.000000
fai, 61501, 0.850000, 0.000000
fai, 61601, 0.668000, 0.000000
fai, 61701, 0.879000, 0.000000
fai, 61801, 0.666000, 0.000000
fai, 61901, 0.854000, 0.000000
fai, 62001, 0.846000, 0.000000
fai, 62101, 0.631000, 0.000000
fai, 62201, 0.774000, 0.000000
fai, 62301, 0.744000, 0.000000
fai, 62401, 1.084000, 0.000000
fai, 62501, 0.668000, 0.000000
fai, 62601, 1.683000, 0.000000
fai, 62701, 0.769000, 0.000000
fai, 62801, 1.082000, 0.000000
fai, 62901, 0.690000, 0.000000
fai, 63001, 0.908000, 0.000000
fai, 63101, 0.694000, 0.000000
fai, 63201, 0.757000, 0.000000
fai, 63301, 0.603000, 0.000000
fai, 63401, 0.576000, 0.000000
fai, 63501, 0.856000, 0.000000
fai, 63601, 0.634000, 0.000000
fai, 63701, 0.753000, 0.000000
fai, 63801, 0.637000, 0.000000
fai, 63901, 0.688000, 0.000000
fai, 64001, 0.612000, 0.000000
fai, 64101, 0.631000, 0.000000
fai, 64201, 1.041000, 0.000000
fai, 64301, 0.603000, 0.000000
fai, 64401, 0.657000, 0.000000
fai, 64501, 0.792000, 0.000000
fai, 64601, 0.642000, 0.000000
fai, 64701, 1.218000, 0.000000
fai, 64801, 0.653000, 0.000000
fai, 64901, 0.613000, 0.000000
fai, 65001, 0.620000, 0.000000
fai, 65101, 0.655000, 0.000000
fai, 65201, 0.732000, 0.000000
fai, 65301, 0.677000, 0.000000
fai, 65401, 0.755000, 0.000000
fai, 65501, 0.628000, 0.000000
fai, 65601, 0.660000, 0.000000
fai, 65701, 1.080000, 0.000000
fai, 65801, 0.601000, 0.000000
fai, 65901, 0.691000, 0.000000
fai, 66001, 0.643000, 0.000000
fai, 66101, 0.681000, 0.000000
fai, 66201, 0.877000, 0.000000
fai, 66301, 0.632000, 0.000000
fai, 66401, 0.774000, 0.000000
fai, 66501, 0.628000, 0.000000
fai, 66601, 0.646000, 0.000000
fai, 66701, 0.786000, 0.000000
fai, 66801, 0.618000, 0.000000
fai, 66901, 0.879000, 0.000000
fai, 67001, 0.667000, 0.000000
fai, 67101, 0.790000, 0.000000
fai, 67201, 0.653000, 0.000000
fai, 67301, 0.797000, 0.000000
fai, 67401, 0.961000, 0.000000
fai, 67501, 0.628000, 0.000000
fai, 67601, 0.874000, 0.000000
fai, 67701, 0.589000, 0.000000
fai, 67801, 0.652000, 0.000000
fai, 67901, 0.844000, 0.000000
fai, 68001, 0.675000, 0.000000
fai, 68101, 0.878000, 0.000000
fai, 68201, 0.666000, 0.000000
fai, 68301, 0.603000, 0.000000
fai, 68401, 0.672000, 0.000000
fai, 68501, 0.879000, 0.000000
fai, 68601, 0.784000, 0.000000
fai, 68701, 1.371000, 0.000000
fai, 68801, 1.069000, 0.000000
fai, 68901, 0.857000, 0.000000
fai, 69001, 0.709000, 0.000000
fai, 69101, 0.679000, 0.000000
fai, 69201, 0.643000, 0.000000
fai, 69301, 0.740000, 0.000000
fai, 69401, 0.679000, 0.000000
fai, 69501, 0.819000, 0.000000
fai, 69601, 0.649000, 0.000000
fai, 69701, 0.671000, 0.000000
fai, 69801, 0.929000, 0.000000
fai, 69901, 0.777000, 0.000000
fai, 70001, 0.848000, 0.000000
fai, 70101, 0.924000, 0.000000
fai, 70201, 0.684000, 0.000000
fai, 70301, 0.861000, 0.000000
fai, 70401, 0.653000, 0.000000
fai, 70501, 0.926000, 0.000000
fai, 70601, 0.694000, 0.000000
fai, 70701, 0.941000, 0.000000
fai, 70801, 0.000000, 0.780000
fai, 70901, 0.643000, 0.000000
fai, 71001, 0.618000, 0.000000
fai, 71101, 1.119000, 0.000000
fai, 71201, 0.759000, 0.000000
fai, 71301, 0.630000, 0.000000
fai, 71401, 0.968000, 0.000000
fai, 71501, 0.669000, 0.000000
fai, 71601, 0.617000, 0.000000
fai, 71701, 0.875000, 0.000000
fai, 71801, 0.671000, 0.000000
fai, 71901, 0.771000, 0.000000
fai, 72001, 0.620000, 0.000000
fai, 72101, 0.928000, 0.000000
fai, 72201, 0.000000, 0.721000
fai, 72301, 0.728000, 0.000000
fai, 72401, 0.718000, 0.000000
fai, 72501, 0.693000, 0.000000
fai, 72601, 0.855000, 0.000000
fai, 72701, 0.726000, 0.000000
fai, 72801, 0.648000, 0.000000
fai, 72901, 0.884000, 0.000000
fai, 73001, 0.695000, 0.000000
fai, 73101, 0.615000, 0.000000
fai, 73201, 0.730000, 0.000000
fai, 73301, 0.759000, 0.000000
fai, 73401, 0.993000, 0.000000
fai, 73501, 0.718000, 0.000000
fai, 73601, 0.870000, 0.000000
fai, 73701, 0.637000, 0.000000
fai, 73801, 0.668000, 0.000000
fai, 73901, 0.844000, 0.000000
fai, 74001, 0.767000, 0.000000
fai, 74101, 0.964000, 0.000000
fai, 74201, 0.781000, 0.000000
fai, 74301, 0.675000, 0.000000
fai, 74401, 0.689000, 0.000000
fai, 74501, 0.670000, 0.000000
fai, 74601, 0.819000, 0.000000
fai, 74701, 0.726000, 0.000000
fai, 74801, 0.899000, 0.000000
fai, 74901, 0.631000, 0.000000
fai, 75001, 0.693000, 0.000000
fai, 75101, 0.682000, 0.000000
fai, 75201, 0.646000, 0.000000
fai, 75301, 0.949000, 0.000000
fai, 75401, 0.639000, 0.000000
fai, 75501, 0.753000, 0.000000
fai, 75601, 0.665000, 0.000000
fai, 75701, 0.618000, 0.000000
fai, 75801, 0.858000, 0.000000
fai, 75901, 0.694000, 0.000000
fai, 76001, 0.645000, 0.000000
fai, 76101, 0.814000, 0.000000
fai, 76201, 0.646000, 0.000000
fai, 76301, 0.847000, 0.000000
fai, 76401, 0.684000, 0.000000
fai, 76501, 0.653000, 0.000000
fai, 76601, 0.773000, 0.000000
fai, 76701, 0.639000, 0.000000
fai, 76801, 0.849000, 0.000000
fai, 76901, 0.666000, 0.000000
fai, 77001, 0.650000, 0.000000
fai, 77101, 0.878000, 0.000000
fai, 77201, 0.626000, 0.000000
fai, 77301, 1.307000, 0.000000
fai, 77401, 0.720000, 0.000000
fai, 77501, 0.993000, 0.000000
fai, 77601, 0.664000, 0.000000
fai, 77701, 0.794000, 0.000000
fai, 77801, 0.687000, 0.000000
fai, 77901, 0.690000, 0.000000
fai, 78001, 0.777000, 0.000000
fai, 78101, 0.726000, 0.000000
fai, 78201, 1.120000, 0.000000
fai, 78301, 0.833000, 0.000000
fai, 78401, 0.949000, 0.000000
fai, 78501, 0.730000, 0.000000
fai, 78601, 1.013000, 0.000000
fai, 78701, 0.811000, 0.000000
fai, 78801, 0.618000, 0.000000
fai, 78901, 0.736000, 0.000000
fai, 79001, 0.648000, 0.000000
fai, 79101, 0.878000, 0.000000
fai, 79201, 0.677000, 0.000000
fai, 79301, 0.776000, 0.000000
fai, 79401, 0.663000, 0.000000
fai, 79501, 0.678000, 0.000000
fai, 79601, 1.011000, 0.000000
fai, 79701, 0.664000, 0.000000
fai, 79801, 0.873000, 0.000000
fai, 79901, 0.679000, 0.000000
fai, 80001, 0.647000, 0.000000
fai, 80101, 0.879000, 0.000000
fai, 80201, 0.662000, 0.000000
fai, 80301, 0.643000, 0.000000
fai, 80401, 0.648000, 0.000000
fai, 80501, 0.678000, 0.000000
fai, 80601, 1.140000, 0.000000
fai, 80701, 0.679000, 0.000000
fai, 80801, 0.887000, 0.000000
fai, 80901, 0.833000, 0.000000
fai, 81001, 0.691000, 0.000000
fai, 81101, 0.772000, 0.000000
fai, 81201, 0.741000, 0.000000
fai, 81301, 0.817000, 0.000000
fai, 81401, 0.690000, 0.000000
fai, 81501, 0.822000, 0.000000
fai, 81601, 0.627000, 0.000000
fai, 81701, 0.806000, 0.000000
fai, 81801, 0.903000, 0.000000
fai, 81901, 0.000000, 0.687000
fai, 82001, 0.873000, 0.000000
fai, 82101, 0.668000, 0.000000
fai, 82201, 0.779000, 0.000000
fai, 82301, 0.634000, 0.000000
fai, 82401, 0.718000, 0.000000
fai, 82501, 0.878000, 0.000000
fai, 82601, 0.864000, 0.000000
fai, 82701, 0.801000, 0.000000
fai, 82801, 0.940000, 0.000000
fai, 82901, 0.805000, 0.000000
fai, 83001, 0.619000, 0.000000
fai, 83101, 0.920000, 0.000000
fai, 83201, 0.667000, 0.000000
fai, 83301, 0.985000, 0.000000
fai, 83401, 0.670000, 0.000000
fai, 83501, 0.866000, 0.000000
fai, 83601, 0.714000, 0.000000
fai, 83701, 0.805000, 0.000000
fai, 83801, 1.357000, 0.000000
fai, 83901, 0.789000, 0.000000
fai, 84001, 0.913000, 0.000000
fai, 84101, 0.953000, 0.000000
fai, 84201, 0.714000, 0.000000
fai, 84301, 0.681000, 0.000000
fai, 84401, 0.709000, 0.000000
fai, 84501, 0.686000, 0.000000
fai, 84601, 0.932000, 0.000000
fai, 84701, 0.666000, 0.000000
fai, 84801, 0.750000, 0.000000
fai, 84901, 0.741000, 0.000000
fai, 85001, 0.667000, 0.000000
fai, 85101, 1.128000, 0.000000
fai, 85201, 0.000000, 0.715000
fai, 85301, 0.923000, 0.000000
fai, 85401, 0.959000, 0.000000
fai, 85501, 0.722000, 0.000000
fai, 85601, 0.659000, 0.000000
fai, 85701, 0.692000, 0.000000
fai, 85801, 0.830000, 0.000000
fai, 85901, 0.886000, 0.000000
fai, 86001, 0.941000, 0.000000
fai, 86101, 0.642000, 0.000000
fai, 86201, 0.886000, 0.000000
fai, 86301, 0.627000, 0.000000
fai, 86401, 0.652000, 0.000000
fai, 86501, 0.896000, 0.000000
fai, 86601, 0.619000, 0.000000
fai, 86701, 0.856000, 0.000000
fai, 86801, 0.735000, 0.000000
fai, 86901, 0.664000, 0.000000
fai, 87001, 0.829000, 0.000000
fai, 87101, 0.741000, 0.000000
fai, 87201, 0.793000, 0.000000
fai, 87301, 0.692000, 0.000000
fai, 87401, 0.765000, 0.000000
fai, 87501, 0.971000, 0.000000
fai, 87601, 0.657000, 0.000000
fai, 87701, 0.942000, 0.000000
fai, 87801, 0.884000, 0.000000
fai, 87901, 0.709000, 0.000000
fai, 88001, 0.689000, 0.000000
fai, 88101, 0.833000, 0.000000
fai, 88201, 1.130000, 0.000000
fai, 88301, 0.628000, 0.000000
fai, 88401, 0.902000, 0.000000
fai, 88501, 0.704000, 0.000000
fai, 88601, 0.688000, 0.000000
fai, 88701, 1.076000, 0.000000
fai, 88801, 0.671000, 0.000000
fai, 88901, 0.719000, 0.000000
fai, 89001, 0.737000, 0.000000
fai, 89101, 0.641000, 0.000000
fai, 89201, 1.091000, 0.000000
fai, 89301, 0.733000, 0.000000
fai, 89401, 0.665000, 0.000000
fai, 89501, 0.675000, 0.000000
fai, 89601, 0.765000, 0.000000
fai, 89701, 0.787000, 0.000000
fai, 89801, 0.645000, 0.000000
fai, 89901, 0.961000, 0.000000
far, 1, 0.680000, 0.000000
far, 101, 0.537000, 0.000000
far, 201, 0.661000, 0.000000
far, 301, 0.775000, 0.000000
far, 401, 0.761000, 0.000000
far, 501, 0.775000, 0.000000
far, 601, 0.688000, 0.000000
far, 701, 0.734000, 0.000000
far, 801, 0.622000, 0.000000
far, 901, 0.750000, 0.000000
far, 1001, 0.630000, 0.000000
far, 1101, 0.658000, 0.000000
far, 1201, 0.702000, 0.000000
far, 1301, 0.930000, 0.000000
far, 1401, 0.640000, 0.000000
far, 1501, 0.649000, 0.000000
far, 1601, 0.635000, 0.000000
far, 1701, 0.518000, 0.000000
far, 1801, 0.815000, 0.000000
far, 1901, 0.579000, 0.000000
far, 2001, 0.517000, 0.000000
far, 2101, 0.550000, 0.000000
far, 2201, 0.817000, 0.000000
far, 2301, 0.766000, 0.000000
far, 2401, 0.586000, 0.000000
far, 2501, 0.571000, 0.000000
far, 2601, 0.638000, 0.000000
far, 2701, 0.636000, 0.000000
far, 2801, 0.924000, 0.000000
far, 2901, 0.537000, 0.000000
far, 3001, 0.610000, 0.000000
far, 3101, 0.545000, 0.000000
far, 3201, 0.636000, 0.000000
far, 3301, 0.968000, 0.000000
far, 3401, 0.567000, 0.000000
far, 3501, 0.620000, 0.000000
far, 3601, 0.605000, 0.000000
far, 3701, 0.607000, 0.000000
far, 3801, 0.990000, 0.000000
far, 3901, 0.574000, 0.000000
far, 4001, 0.563000, 0.000000
far, 4101, 0.640000, 0.000000
far, 4201, 0.552000, 0.000000
far, 4301, 0.706000, 0.000000
far, 4401, 0.633000, 0.000000
far, 4501, 0.630000, 0.000000
far, 4601, 0.644000, 0.000000
far, 4701, 0.569000, 0.000000
far, 4801, 0.711000, 0.000000
far, 4901, 0.630000, 0.000000
far, 5001, 0.589000, 0.000000
far, 5101, 0.000000, 0.908000
far, 5201, 0.591000, 0.000000
far, 5301, 0.743000, 0.000000
far, 5401, 0.760000, 0.000000
far, 5501, 0.571000, 0.000000
far, 5601, 0.672000, 0.000000
far, 5701, 0.000000, 0.755000
far, 5801, 0.775000, 0.000000
far, 5901, 0.596000, 0.000000
far, 6001, 0.710000, 0.000000
far, 6101, 0.630000, 0.000000
far, 6201, 0.560000, 0.000000
far, 6301, 0.914000, 0.000000
far, 6401, 0.656000, 0.000000
far, 6501, 0.616000, 0.000000
far, 6601, 0.650000, 0.000000
far, 6701, 0.670000, 0.000000
far, 6801, 0.787000, 0.000000
far, 6901, 0.616000, 0.000000
far, 7001, 0.704000, 0.000000
far, 7101, 0.670000, 0.000000
far, 7201, 0.624000, 0.000000
far, 7301, 0.000000, 0.858000
far, 7401, 0.628000, 0.000000
far, 7501, 0.868000, 0.000000
far, 7601, 0.742000, 0.000000
far, 7701, 0.641000, 0.000000
far, 7801, 0.670000, 0.000000
far, 7901, 0.630000, 0.000000
far, 8001, 0.998000, 0.000000
far, 8101, 0.618000, 0.000000
far, 8201, 0.801000, 0.000000
far, 8301, 0.694000, 0.000000
far, 8401, 0.653000, 0.000000
far, 8501, 0.725000, 0.000000
far, 8601, 0.625000, 0.000000
far, 8701, 0.873000, 0.000000
far, 8801, 0.650000, 0.000000
far, 8901, 0.666000, 0.000000
far, 9001, 0.975000, 0.000000
far, 9101, 0.692000, 0.000000
far, 9201, 0.000000, 0.965000
far, 9301, 0.748000, 0.000000
far, 9401, 0.791000, 0.000000
far, 9501, 0.715000, 0.000000
far, 9601, 0.794000, 0.000000
far, 9701, 0.834000, 0.000000
far, 9801, 0.491000, 0.219000
far, 9901, 1.379000, 0.000000
far, 10001, 1.057000, 0.000000
far, 10101, 1.001000, 0.000000
far, 10201, 1.154000, 0.000000
far, 10301, 0.858000, 0.000000
far, 10401, 0.942000, 0.000000
far, 10501, 1.005000, 0.000000
far, 10601, 0.848000, 0.000000
far, 10701, 0.841000, 0.000000
far, 10801, 0.697000, 0.000000
far, 10901, 0.823000, 0.000000
far, 11001, 0.695000, 0.000000
far, 11101, 0.822000, 0.000000
far, 11201, 0.817000, 0.000000
far, 11301, 1.178000, 0.000000
far, 11401, 0.956000, 0.000000
far, 11501, 1.119000, 0.000000
far, 11601, 1.125000, 0.000000
far, 11701, 0.791000, 0.000000
far, 11801, 1.183000, 0.000000
far, 11901, 0.853000, 0.000000
far, 12001, 0.997000, 0.000000
far, 12101, 1.097000, 0.000000
far, 12201, 0.718000, 0.000000
far, 12301, 0.773000, 0.000000
far, 12401, 0.864000, 0.000000
far, 12501, 0.727000, 0.000000
far, 12601, 0.974000, 0.000000
far, 12701, 0.780000, 0.000000
far, 12801, 1.024000, 0.000000
far, 12901, 0.822000, 0.000000
far, 13001, 0.743000, 0.000000
far, 13101, 0.757000, 0.000000
far, 13201, 1.008000, 0.000000
far, 13301, 0.891000, 0.000000
far, 13401, 0.788000, 0.000000
far, 13501, 1.045000, 0.000000
far, 13601, 0.895000, 0.000000
far, 13701, 0.888000, 0.000000
far, 13801, 0.852000, 0.000000
far, 13901, 0.829000, 0.000000
far, 14001, 1.038000, 0.000000
far, 14101, 0.779000, 0.000000
far, 14201, 0.921000, 0.000000
far, 14301, 0.768000, 0.000000
far, 14401, 0.787000, 0.000000
far, 14501, 1.055000, 0.000000
far, 14601, 1.170000, 0.000000
far, 14701, 1.090000, 0.000000
far, 14801, 0.874000, 0.000000
far, 14901, 0.771000, 0.000000
far, 15001, 0.837000, 0.000000
far, 15101, 0.879000, 0.000000
far, 15201, 0.000000, 1.131000
far, 15301, 0.799000, 0.000000
far, 15401, 1.003000, 0.000000
far, 15501, 0.852000, 0.000000
far, 15601, 0.816000, 0.000000
far, 15701, 0.903000, 0.000000
far, 15801, 0.805000, 0.000000
far, 15901, 1.099000, 0.000000
far, 16001, 0.819000, 0.000000
far, 16101, 0.868000, 0.000000
far, 16201, 0.873000, 0.000000
far, 16301, 0.839000, 0.000000
far, 16401, 1.316000, 0.000000
far, 16501, 0.000000, 0.989000
far, 16601, 1.139000, 0.000000
far, 16701, 0.827000, 0.000000
far, 16801, 0.952000, 0.000000
far, 16901, 0.833000, 0.000000
far, 17001, 0.874000, 0.000000
far, 17101, 1.021000, 0.000000
far, 17201, 0.919000, 0.000000
far, 17301, 1.248000, 0.000000
far, 17401, 0.890000, 0.000000
far, 17501, 0.843000, 0.000000
far, 17601, 1.255000, 0.000000
far, 17701, 0.838000, 0.000000
far, 17801, 1.093000, 0.000000
far, 17901, 0.944000, 0.000000
far, 18001, 0.811000, 0.570000
far, 18101, 0.862000, 0.000000
far, 18201, 0.913000, 0.000000
far, 18301, 0.909000, 0.000000
far, 18401, 0.804000, 0.000000
far, 18501, 0.947000, 0.000000
far, 18601, 0.882000, 0.000000
far, 18701, 0.861000, 0.000000
far, 18801, 1.730000, 0.000000
far, 18901, 0.922000, 0.000000
far, 19001, 1.269000, 0.000000
far, 19101, 0.891000, 0.000000
far, 19201, 0.941000, 0.000000
far, 19301, 0.948000, 0.000000
far, 19401, 0.957000, 0.000000
far, 19501, 1.430000, 0.000000
far, 19601, 0.904000, 0.000000
far, 19701, 1.037000, 0.000000
far, 19801, 0.943000, 0.000000
far, 19901, 0.907000, 0.000000
far, 20001, 1.019000, 0.000000
far, 20101, 1.036000, 0.000000
far, 20201, 1.166000, 0.000000
far, 20301, 0.893000, 0.000000
far, 20401, 1.078000, 0.000000
far, 20501, 1.067000, 0.000000
far, 20601, 0.855000, 0.000000
far, 20701, 1.138000, 0.000000
far, 20801, 0.975000, 0.000000
far, 20901, 1.123000, 0.000000
far, 21001, 1.133000, 0.000000
far, 21101, 1.072000, 0.000000
far, 21201, 1.121000, 0.000000
far, 21301, 0.908000, 0.000000
far, 21401, 1.180000, 0.000000
far, 21501, 0.956000, 0.000000
far, 21601, 1.084000, 0.000000
far, 21701, 1.026000, 0.000000
far, 21801, 1.089000, 0.000000
far, 21901, 1.021000, 0.000000
far, 22001, 0.927000, 0.000000
far, 22101, 1.619000, 0.000000
far, 22201, 0.945000, 0.000000
far, 22301, 0.980000, 0.000000
far, 22401, 0.000000, 1.261000
far, 22501, 0.982000, 0.000000
far, 22601, 1.463000, 0.000000
far, 22701, 0.967000, 0.000000
far, 22801, 1.175000, 0.000000
far, 22901, 0.948000, 0.000000
far, 23001, 0.975000, 0.000000
far, 23101, 1.031000, 0.000000
far, 23201, 0.964000, 0.000000
far, 23301, 1.352000, 0.000000
far, 23401, 0.000000, 0.973000
far, 23501, 1.260000, 0.000000
far, 23601, 0.962000, 0.000000
far, 23701, 1.452000, 0.000000
far, 23801, 1.193000, 0.000000
far, 23901, 1.650000, 0.000000
far, 24001, 1.307000, 0.000000
far, 24101, 1.511000, 0.000000
far, 24201, 1.222000, 0.000000
far, 24301, 1.113000, 0.000000
far, 24401, 1.129000, 0.000000
far, 24501, 1.119000, 0.000000
far, 24601, 1.272000, 0.000000
far, 24701, 0.998000, 0.000000
far, 24801, 1.349000, 0.000000
far, 24901, 1.143000, 0.000000
far, 25001, 1.242000, 0.000000
far, 25101, 1.566000, 0.000000
far, 25201, 1.739000, 0.000000
far, 25301, 1.097000, 0.000000
far, 25401, 1.816000, 0.000000
far, 25501, 1.057000, 0.000000
far, 25601, 0.609000, 0.638000
far, 25701, 1.040000, 0.000000
far, 25801, 0.000000, 1.613000
far, 25901, 1.112000, 0.000000
far, 26001, 1.279000, 0.000000
far, 26101, 1.242000, 0.000000
far, 26201, 1.198000, 0.000000
far, 26301, 1.110000, 0.000000
far, 26401, 1.566000, 0.000000
far, 26501, 1.204000, 0.000000
far, 26601, 1.171000, 1.393000
far, 26701, 1.080000, 0.000000
far, 26801, 1.736000, 0.000000
far, 26901, 1.256000, 0.000000
far, 27001, 0.606000, 0.820000
far, 27101, 1.251000, 0.000000
far, 27201, 1.398000, 0.000000
far, 27301, 1.088000, 0.000000
far, 27401, 0.000000, 1.163000
far, 27501, 1.202000, 0.000000
far, 27601, 1.103000, 0.000000
far, 27701, 1.166000, 0.000000
far, 27801, 0.491000, 0.674000
far, 27901, 1.681000, 0.000000
far, 28001, 1.110000, 0.000000
far, 28101, 1.107000, 0.000000
far, 28201, 0.551000, 0.734000
far, 28301, 1.198000, 0.000000
far, 28401, 1.173000, 0.000000
far, 28501, 1.090000, 0.000000
far, 28601, 1.531000, 0.000000
far, 28701, 1.144000, 0.000000
far, 28801, 1.936000, 0.000000
far, 28901, 1.115000, 0.000000
far, 29001, 1.620000, 0.000000
far, 29101, 1.403000, 0.000000
far, 29201, 1.570000, 0.000000
far, 29301, 1.055000, 0.000000
far, 29401, 1.120000, 0.000000
far, 29501, 1.422000, 0.000000
far, 29601, 1.117000, 0.000000
far, 29701, 1.226000, 0.000000
far, 29801, 1.251000, 0.000000
far, 29901, 1.742000, 0.000000
far, 30001, 1.309000, 0.000000
far, 30101, 0.494000, 0.862000
far, 30201, 1.137000, 0.000000
far, 30301, 1.203000, 0.000000
far, 30401, 1.290000, 0.000000
far, 30501, 1.160000, 0.000000
far, 30601, 1.330000, 0.000000
far, 30701, 1.172000, 0.000000
far, 30801, 1.480000, 0.000000
far, 30901, 1.216000, 0.000000
far, 31001, 1.704000, 0.000000
far, 31101, 1.142000, 0.000000
far, 31201, 1.229000, 0.000000
far, 31301, 1.139000, 0.000000
far, 31401, 1.186000, 0.000000
far, 31501, 1.360000, 0.000000
far, 31601, 1.335000, 0.000000
far, 31701, 1.730000, 0.000000
far, 31801, 1.121000, 0.000000
far, 31901, 1.639000, 0.000000
far, 32001, 1.286000, 0.000000
far, 32101, 1.132000, 0.000000
far, 32201, 1.190000, 0.000000
far, 32301, 1.213000, 0.000000
far, 32401, 0.000000, 1.481000
far, 32501, 1.158000, 0.000000
far, 32601, 1.423000, 0.000000
far, 32701, 1.351000, 0.000000
far, 32801, 1.477000, 0.000000
far, 32901, 1.117000, 0.000000
far, 33001, 1.555000, 0.000000
far, 33101, 1.235000, 0.000000
far, 33201, 0.502000, 0.745000
far, 33301, 1.223000, 0.000000
far, 33401, 1.211000, 0.000000
far, 33501, 1.694000, 0.000000
far, 33601, 0.000000, 1.198000
far, 33701, 2.031000, 0.000000
far, 33801, 1.207000, 0.000000
far, 33901, 1.537000, 0.000000
far, 34001, 1.256000, 0.000000
far, 34101, 1.337000, 0.000000
far, 34201, 1.197000, 0.000000
far, 34301, 1.280000, 0.000000
far, 34401, 1.730000, 0.000000
far, 34501, 1.318000, 0.000000
far, 34601, 1.406000, 0.000000
far, 34701, 1.256000, 0.000000
far, 34801, 0.643000, 1.195000
far, 34901, 1.264000, 0.000000
far, 35001, 1.503000, 0.000000
far, 35101, 1.285000, 0.000000
far, 35201, 1.276000, 0.000000
far, 35301, 1.330000, 0.000000
far, 35401, 1.210000, 0.000000
far, 35501, 1.851000, 0.000000
far, 35601, 1.276000, 0.000000
far, 35701, 1.744000, 0.000000
far, 35801, 1.289000, 0.000000
far, 35901, 1.521000, 0.000000
far, 36001, 1.798000, 0.000000
far, 36101, 2.155000, 0.000000
far, 36201, 1.742000, 0.000000
far, 36301, 1.695000, 0.000000
far, 36401, 1.226000, 0.000000
far, 36501, 1.319000, 0.000000
far, 36601, 1.544000, 0.000000
far, 36701, 1.253000, 0.000000
far, 36801, 1.584000, 0.000000
far, 36901, 1.362000, 0.000000
far, 37001, 1.475000, 0.000000
far, 37101, 1.557000, 0.000000
far, 37201, 1.547000, 0.000000
far, 37301, 1.819000, 0.000000
far, 37401, 2.475000, 0.000000
far, 37501, 1.708000, 0.000000
far, 37601, 1.411000, 0.000000
far, 37701, 1.524000, 0.000000
far, 37801, 1.921000, 0.000000
far, 37901, 1.783000, 0.000000
far, 38001, 1.743000, 0.000000
far, 38101, 2.863000, 0.000000
far, 38201, 1.864000, 0.000000
far, 38301, 1.971000, 0.000000
far, 38401, 1.883000, 0.000000
far, 38501, 5.998000, 0.000000
far, 38601, 1.813000, 0.000000
far, 38701, 1.844000, 0.000000
far, 38801, 1.848000, 0.000000
far, 38901, 2.685000, 0.000000
far, 39001, 2.140000, 0.000000
far, 39101, 0.692000, 1.248000
far, 39201, 0.000000, 2.139000
far, 39301, 1.563000, 0.000000
far, 39401, 1.527000, 0.000000
far, 39501, 1.442000, 0.000000
far, 39601, 1.898000, 0.000000
far, 39701, 0.588000, 1.148000
far, 39801, 1.649000, 0.000000
far, 39901, 1.442000, 0.000000
far, 40001, 1.642000, 0.000000
far, 40101, 1.604000, 0.000000
far, 40201, 1.467000, 0.000000
far, 40301, 1.470000, 0.000000
far, 40401, 1.346000, 0.000000
far, 40501, 1.624000, 0.000000
far, 40601, 1.334000, 0.000000
far, 40701, 1.544000, 0.000000
far, 40801, 1.333000, 0.000000
far, 40901, 1.771000, 0.000000
far, 41001, 0.506000, 0.987000
far, 41101, 2.154000, 0.000000
far, 41201, 1.405000, 0.000000
far, 41301, 1.769000, 0.000000
far, 41401, 1.384000, 0.000000
far, 41501, 1.795000, 0.000000
far, 41601, 1.455000, 0.000000
far, 41701, 1.569000, 0.000000
far, 41801, 1.425000, 0.000000
far, 41901, 1.496000, 0.000000
far, 42001, 1.441000, 0.000000
far, 42101, 1.400000, 0.000000
far, 42201, 1.628000, 0.000000
far, 42301, 0.492000, 1.072000
far, 42401, 2.134000, 0.000000
far, 42501, 1.355000, 0.000000
far, 42601, 1.838000, 0.000000
far, 42701, 1.452000, 0.000000
far, 42801, 1.745000, 0.000000
far, 42901, 1.528000, 0.000000
far, 43001, 1.634000, 0.000000
far, 43101, 1.417000, 0.000000
far, 43201, 1.518000, 0.000000
far, 43301, 1.534000, 0.000000
far, 43401, 1.417000, 0.000000
far, 43501, 1.562000, 0.000000
far, 43601, 0.000000, 1.487000
far, 43701, 1.874000, 0.000000
far, 43801, 1.503000, 0.000000
far, 43901, 1.917000, 0.000000
far, 44001, 1.782000, 0.000000
far, 44101, 2.066000, 0.000000
far, 44201, 1.638000, 0.000000
far, 44301, 2.501000, 0.000000
far, 44401, 1.456000, 0.000000
far, 44501, 0.000000, 2.050000
far, 44601, 0.000000, 1.649000
far, 44701, 0.948000, 2.481000
far, 44801, 1.493000, 0.000000
far, 44901, 1.652000, 0.000000
far, 45001, 1.504000, 0.000000
far, 45101, 0.539000, 1.289000
far, 45201, 1.592000, 0.000000
far, 45301, 1.541000, 0.000000
far, 45401, 1.492000, 0.000000
far, 45501, 0.000000, 1.744000
far, 45601, 0.000000, 1.838000
far, 45701, 1.476000, 0.000000
far, 45801, 1.666000, 0.000000
far, 45901, 0.000000, 1.492000
far, 46001, 1.679000, 0.000000
far, 46101, 1.584000, 0.000000
far, 46201, 2.178000, 0.000000
far, 46301, 1.512000, 0.000000
far, 46401, 2.222000, 0.000000
far, 46501, 0.489000, 1.080000
far, 46601, 2.051000, 0.000000
far, 46701, 1.523000, 0.000000
far, 46801, 1.814000, 0.000000
far, 46901, 1.513000, 0.000000
far, 47001, 1.719000, 0.000000
far, 47101, 1.542000, 0.000000
far, 47201, 1.491000, 0.000000
far, 47301, 1.588000, 0.000000
far, 47401, 1.524000, 0.000000
far, 47501, 1.774000, 0.000000
far, 47601, 1.531000, 0.000000
far, 47701, 0.000000, 1.775000
far, 47801, 1.744000, 0.000000
far, 47901, 2.713000, 0.000000
far, 48001, 1.910000, 0.000000
far, 48101, 2.589000, 0.000000
far, 48201, 2.191000, 0.000000
far, 48301, 2.148000, 0.000000
far, 48401, 1.776000, 0.000000
far, 48501, 1.549000, 0.000000
far, 48601, 0.000000, 1.585000
far, 48701, 1.520000, 0.000000
far, 48801, 2.039000, 0.000000
far, 48901, 1.844000, 0.000000
far, 49001, 1.580000, 0.000000
far, 49101, 1.683000, 0.000000
far, 49201, 1.933000, 0.000000
far, 49301, 0.570000, 1.360000
far, 49401, 0.795000, 1.829000
far, 49501, 1.908000, 0.000000
far, 49601, 2.320000, 0.000000
far, 49701, 1.601000, 0.000000
far, 49801, 1.711000, 0.000000
far, 49901, 0.000000, 2.014000
far, 50001, 1.878000, 0.000000
far, 50101, 1.586000, 0.000000
far, 50201, 1.541000, 0.000000
far, 50301, 1.673000, 0.000000
far, 50401, 1.555000, 0.000000
far, 50501, 1.590000, 0.000000
far, 50601, 1.945000, 0.000000
far, 50701, 0.000000, 2.191000
far, 50801, 0.000000, 1.675000
far, 50901, 1.845000, 0.000000
far, 51001, 1.610000, 0.000000
far, 51101, 2.186000, 0.000000
far, 51201, 1.559000, 0.000000
far, 51301, 1.877000, 0.000000
far, 51401, 1.612000, 0.000000
far, 51501, 1.985000, 0.000000
far, 51601, 1.874000, 0.000000
far, 51701, 0.471000, 1.377000
far, 51801, 1.602000, 0.000000
far, 51901, 1.757000, 0.000000
far, 52001, 2.181000, 0.000000
far, 52101, 2.176000, 0.000000
far, 52201, 1.637000, 0.000000
far, 52301, 0.000000, 2.169000
far, 52401, 2.331000, 0.000000
far, 52501, 1.785000, 0.000000
far, 52601, 1.560000, 0.000000
far, 52701, 2.582000, 0.000000
far, 52801, 1.824000, 0.000000
far, 52901, 2.938000, 0.000000
far, 53001, 0.000000, 1.633000
far, 53101, 0.000000, 2.216000
far, 53201, 1.748000, 0.000000
far, 53301, 2.107000, 0.000000
far, 53401, 2.009000, 0.000000
far, 53501, 1.988000, 0.000000
far, 53601, 1.746000, 0.000000
far, 53701, 2.077000, 0.000000
far, 53801, 1.868000, 0.000000
far, 53901, 1.911000, 0.000000
far, 54001, 0.000000, 1.760000
far, 54101, 1.767000, 0.000000
far, 54201, 1.638000, 0.000000
far, 54301, 1.858000, 0.000000
far, 54401, 0.000000, 1.889000
far, 54501, 1.721000, 0.000000
far, 54601, 1.834000, 0.000000
far, 54701, 1.672000, 0.000000
far, 54801, 1.839000, 0.000000
far, 54901, 0.000000, 1.836000
far, 55001, 1.746000, 0.000000
far, 55101, 1.902000, 0.000000
far, 55201, 2.080000, 0.000000
far, 55301, 1.732000, 0.000000
far, 55401, 1.713000, 0.000000
far, 55501, 1.715000, 0.000000
far, 55601, 2.079000, 0.000000
far, 55701, 0.512000, 1.308000
far, 55801, 1.868000, 0.000000
far, 55901, 1.777000, 0.000000
far, 56001, 1.918000, 0.000000
far, 56101, 1.812000, 0.000000
far, 56201, 0.639000, 1.216000
far, 56301, 1.739000, 0.000000
far, 56401, 2.197000, 0.000000
far, 56501, 1.779000, 0.000000
far, 56601, 3.065000, 0.000000
far, 56701, 1.804000, 0.000000
far, 56801, 2.944000, 0.000000
far, 56901, 1.752000, 0.000000
far, 57001, 2.148000, 0.000000
far, 57101, 0.000000, 1.950000
far, 57201, 2.087000, 0.000000
far, 57301, 1.790000, 0.000000
far, 57401, 2.118000, 0.000000
far, 57501, 1.933000, 0.000000
far, 57601, 0.000000, 2.384000
far, 57701, 1.941000, 0.000000
far, 57801, 1.979000, 0.000000
far, 57901, 1.838000, 0.000000
far, 58001, 1.864000, 0.000000
far, 58101, 0.000000, 1.792000
far, 58201, 0.750000, 1.712000
far, 58301, 2.035000, 0.000000
far, 58401, 2.829000, 0.000000
far, 58501, 2.514000, 0.000000
far, 58601, 1.767000, 0.000000
far, 58701, 2.487000, 0.000000
far, 58801, 2.019000, 0.000000
far, 58901, 2.330000, 0.000000
far, 59001, 1.890000, 0.000000
far, 59101, 2.089000, 0.000000
far, 59201, 1.923000, 0.000000
far, 59301, 0.490000, 1.832000
far, 59401, 2.849000, 0.000000
far, 59501, 2.223000, 0.000000
far, 59601, 1.815000, 0.000000
far, 59701, 2.312000, 0.000000
far, 59801, 1.771000, 0.000000
far, 59901, 0.504000, 1.690000
far, 60001, 2.010000, 0.000000
far, 60101, 2.011000, 0.000000
far, 60201, 1.838000, 0.000000
far, 60301, 2.148000, 0.000000
far, 60401, 1.938000, 0.000000
far, 60501, 0.518000, 1.634000
far, 60601, 1.873000, 0.000000
far, 60701, 1.810000, 0.000000
far, 60801, 1.800000, 0.000000
far, 60901, 2.345000, 0.000000
far, 61001, 1.800000, 0.000000
far, 61101, 1.880000, 0.000000
far, 61201, 1.881000, 0.000000
far, 61301, 1.831000, 0.000000
far, 61401, 1.889000, 0.000000
far, 61501, 2.344000, 0.000000
far, 61601, 1.984000, 0.000000
far, 61701, 2.571000, 0.000000
far, 61801, 1.957000, 0.000000
far, 61901, 2.671000, 0.000000
far, 62001, 1.819000, 0.000000
far, 62101, 2.481000, 0.000000
far, 62201, 1.839000, 0.000000
far, 62301, 2.417000, 0.000000
far, 62401, 0.496000, 1.537000
far, 62501, 2.328000, 0.000000
far, 62601, 1.861000, 0.000000
far, 62701, 2.658000, 0.000000
far, 62801, 0.000000, 1.999000
far, 62901, 0.481000, 2.116000
far, 63001, 1.961000, 0.000000
far, 63101, 2.111000, 0.000000
far, 63201, 2.041000, 0.000000
far, 63301, 2.249000, 0.000000
far, 63401, 2.007000, 0.000000
far, 63501, 2.796000, 0.000000
far, 63601, 2.033000, 0.000000
far, 63701, 2.786000, 0.000000
far, 63801, 1.930000, 0.000000
far, 63901, 3.032000, 0.000000
far, 64001, 1.969000, 0.000000
far, 64101, 0.000000, 2.303000
far, 64201, 2.149000, 0.000000
far, 64301, 2.203000, 0.000000
far, 64401, 2.083000, 0.000000
far, 64501, 2.226000, 0.000000
far, 64601, 2.197000, 0.000000
far, 64701, 2.496000, 0.000000
far, 64801, 1.924000, 0.000000
far, 64901, 0.796000, 1.789000
far, 65001, 2.103000, 0.000000
far, 65101, 2.183000, 0.000000
far, 65201, 1.983000, 0.000000
far, 65301, 0.000000, 2.778000
far, 65401, 2.088000, 0.000000
far, 65501, 0.000000, 2.247000
far, 65601, 2.115000, 0.000000
far, 65701, 0.537000, 1.783000
far, 65801, 2.020000, 0.000000
far, 65901, 2.296000, 0.000000
far, 66001, 1.850000, 0.000000
far, 66101, 1.941000, 0.000000
far, 66201, 3.373000, 0.000000
far, 66301, 2.041000, 0.000000
far, 66401, 2.277000, 0.000000
far, 66501, 2.474000, 0.000000
far, 66601, 2.079000, 0.000000
far, 66701, 2.081000, 0.000000
far, 66801, 2.239000, 0.000000
far, 66901, 2.158000, 0.000000
far, 67001, 2.700000, 0.000000
far, 67101, 2.489000, 0.000000
far, 67201, 1.391000, 2.835000
far, 67301, 2.032000, 0.000000
far, 67401, 2.664000, 0.000000
far, 67501, 1.975000, 0.000000
far, 67601, 2.398000, 0.000000
far, 67701, 2.060000, 0.000000
far, 67801, 0.000000, 2.267000
far, 67901, 2.321000, 0.000000
far, 68001, 2.164000, 0.000000
far, 68101, 1.992000, 0.000000
far, 68201, 2.002000, 0.000000
far, 68301, 2.249000, 0.000000
far, 68401, 1.981000, 0.000000
far, 68501, 2.199000, 0.000000
far, 68601, 2.396000, 0.000000
far, 68701, 2.634000, 0.000000
far, 68801, 2.273000, 0.000000
far, 68901, 3.174000, 0.000000
far, 69001, 0.000000, 3.633000
far, 69101, 2.861000, 0.000000
far, 69201, 2.846000, 0.000000
far, 69301, 0.788000, 1.893000
far, 69401, 2.480000, 0.000000
far, 69501, 2.677000, 0.000000
far, 69601, 2.846000, 0.000000
far, 69701, 2.546000, 0.000000
far, 69801, 0.000000, 2.665000
far, 69901, 2.155000, 0.000000
far, 70001, 2.626000, 0.000000
far, 70101, 3.152000, 0.000000
far, 70201, 0.000000, 2.794000
far, 70301, 2.226000, 0.000000
far, 70401, 3.017000, 0.000000
far, 70501, 2.598000, 0.000000
far, 70601, 2.358000, 0.000000
far, 70701, 2.084000, 0.000000
far, 70801, 2.246000, 0.000000
far, 70901, 2.207000, 0.000000
far, 71001, 2.248000, 0.000000
far, 71101, 2.133000, 0.000000
far, 71201, 2.192000, 0.000000
far, 71301, 2.124000, 0.000000
far, 71401, 2.189000, 0.000000
far, 71501, 0.546000, 2.076000
far, 71601, 2.186000, 0.000000
far, 71701, 2.450000, 0.000000
far, 71801, 2.100000, 0.000000
far, 71901, 2.345000, 0.000000
far, 72001, 2.157000, 0.000000
far, 72101, 0.000000, 2.422000
far, 72201, 0.587000, 1.676000
far, 72301, 2.975000, 0.000000
far, 72401, 3.319000, 0.000000
far, 72501, 0.000000, 2.849000
far, 72601, 0.687000, 2.182000
far, 72701, 0.461000, 1.830000
far, 72801, 2.577000, 0.000000
far, 72901, 2.228000, 0.000000
far, 73001, 2.338000, 0.000000
far, 73101, 2.145000, 0.000000
far, 73201, 2.774000, 0.000000
far, 73301, 0.523000, 1.710000
far, 73401, 3.163000, 0.000000
far, 73501, 2.332000, 0.000000
far, 73601, 3.325000, 0.000000
far, 73701, 2.116000, 0.000000
far, 73801, 2.726000, 0.000000
far, 73901, 0.000000, 2.259000
far, 74001, 0.721000, 2.070000
far, 74101, 2.345000, 0.000000
far, 74201, 3.019000, 0.000000
far, 74301, 2.244000, 0.000000
far, 74401, 2.253000, 0.000000
far, 74501, 2.280000, 0.000000
far, 74601, 2.349000, 0.000000
far, 74701, 2.468000, 0.000000
far, 74801, 2.632000, 0.000000
far, 74901, 2.298000, 0.000000
far, 75001, 2.483000, 0.000000
far, 75101, 2.343000, 0.000000
far, 75201, 2.401000, 0.000000
far, 75301, 2.680000, 0.000000
far, 75401, 2.220000, 0.000000
far, 75501, 3.017000, 0.000000
far, 75601, 0.000000, 2.157000
far, 75701, 2.952000, 0.000000
far, 75801, 2.404000, 0.000000
far, 75901, 3.237000, 0.000000
far, 76001, 2.254000, 0.000000
far, 76101, 0.000000, 2.575000
far, 76201, 2.466000, 0.000000
far, 76301, 2.915000, 0.000000
far, 76401, 0.485000, 1.734000
far, 76501, 0.560000, 1.967000
far, 76601, 2.496000, 0.000000
far, 76701, 2.487000, 0.000000
far, 76801, 2.665000, 0.000000
far, 76901, 2.448000, 0.000000
far, 77001, 2.930000, 0.000000
far, 77101, 2.213000, 0.000000
far, 77201, 2.825000, 0.000000
far, 77301, 2.451000, 0.000000
far, 77401, 3.186000, 0.000000
far, 77501, 2.351000, 0.000000
far, 77601, 2.722000, 0.000000
far, 77701, 2.451000, 0.000000
far, 77801, 2.448000, 0.000000
far, 77901, 2.563000, 0.000000
far, 78001, 2.547000, 0.000000
far, 78101, 2.599000, 0.000000
far, 78201, 2.285000, 0.000000
far, 78301, 3.057000, 0.000000
far, 78401, 0.510000, 1.805000
far, 78501, 0.946000, 2.423000
far, 78601, 0.596000, 1.885000
far, 78701, 0.545000, 1.893000
far, 78801, 2.393000, 0.000000
far, 78901, 2.210000, 0.000000
far, 79001, 2.569000, 0.000000
far, 79101, 2.322000, 0.000000
far, 79201, 2.807000, 0.000000
far, 79301, 3.385000, 0.000000
far, 79401, 0.707000, 2.631000
far, 79501, 2.782000, 0.000000
far, 79601, 3.862000, 0.000000
far, 79701, 2.757000, 0.000000
far, 79801, 2.762000, 0.000000
far, 79901, 1.037000, 2.408000
far, 80001, 2.657000, 0.000000
far, 80101, 2.624000, 0.000000
far, 80201, 2.733000, 0.000000
far, 80301, 3.672000, 0.000000
far, 80401, 2.759000, 0.000000
far, 80501, 0.653000, 2.409000
far, 80601, 3.195000, 0.000000
far, 80701, 2.772000, 0.000000
far, 80801, 2.514000, 0.000000
far, 80901, 2.699000, 0.000000
far, 81001, 2.445000, 0.000000
far, 81101, 3.383000, 0.000000
far, 81201, 2.851000, 0.000000
far, 81301, 2.722000, 0.000000
far, 81401, 0.000000, 2.977000
far, 81501, 2.600000, 0.000000
far, 81601, 2.784000, 0.000000
far, 81701, 0.000000, 2.628000
far, 81801, 2.740000, 0.000000
far, 81901, 3.141000, 0.000000
far, 82001, 2.709000, 0.000000
far, 82101, 3.237000, 0.000000
far, 82201, 2.647000, 0.000000
far, 82301, 2.819000, 0.000000
far, 82401, 4.149000, 0.000000
far, 82501, 2.721000, 0.000000
far, 82601, 3.364000, 0.000000
far, 82701, 3.502000, 0.000000
far, 82801, 2.774000, 0.000000
far, 82901, 2.990000, 0.000000
far, 83001, 0.786000, 2.692000
far, 83101, 2.816000, 0.000000
far, 83201, 0.683000, 2.331000
far, 83301, 3.071000, 0.000000
far, 83401, 2.874000, 0.000000
far, 83501, 0.797000, 2.773000
far, 83601, 3.265000, 0.000000
far, 83701, 2.900000, 0.000000
far, 83801, 4.382000, 0.000000
far, 83901, 2.846000, 0.000000
far, 84001, 3.449000, 0.000000
far, 84101, 3.235000, 0.000000
far, 84201, 3.597000, 0.000000
far, 84301, 2.874000, 0.000000
far, 84401, 3.122000, 0.000000
far, 84501, 2.936000, 0.000000
far, 84601, 3.681000, 0.000000
far, 84701, 3.040000, 0.000000
far, 84801, 0.765000, 2.896000
far, 84901, 3.182000, 0.000000
far, 85001, 3.015000, 0.000000
far, 85101, 2.919000, 0.000000
far, 85201, 3.162000, 0.000000
far, 85301, 3.362000, 0.000000
far, 85401, 3.564000, 0.000000
far, 85501, 3.869000, 0.000000
far, 85601, 3.135000, 0.000000
far, 85701, 0.604000, 2.379000
far, 85801, 0.740000, 3.012000
far, 85901, 0.000000, 3.031000
far, 86001, 3.045000, 0.000000
far, 86101, 3.988000, 0.000000
far, 86201, 0.000000, 3.306000
far, 86301, 3.632000, 0.000000
far, 86401, 1.235000, 2.838000
far, 86501, 0.000000, 4.069000
far, 86601, 3.962000, 0.000000
far, 86701, 0.000000, 3.582000
far, 86801, 3.955000, 0.000000
far, 86901, 4.349000, 0.000000
far, 87001, 3.636000, 0.000000
far, 87101, 3.202000, 0.000000
far, 87201, 0.548000, 2.822000
far, 87301, 3.325000, 0.000000
far, 87401, 4.510000, 0.000000
far, 87501, 3.844000, 0.000000
far, 87601, 0.581000, 3.031000
far, 87701, 3.716000, 0.000000
far, 87801, 0.000000, 3.357000
far, 87901, 3.740000, 0.000000
far, 88001, 3.227000, 0.000000
far, 88101, 3.648000, 0.000000
far, 88201, 3.148000, 0.000000
far, 88301, 3.044000, 0.000000
far, 88401, 3.487000, 0.000000
far, 88501, 0.685000, 2.826000
far, 88601, 3.159000, 0.000000
far, 88701, 3.431000, 0.000000
far, 88801, 4.070000, 0.000000
far, 88901, 4.118000, 0.000000
far, 89001, 0.648000, 2.504000
far, 89101, 3.799000, 0.000000
far, 89201, 3.486000, 0.000000
far, 89301, 3.426000, 0.000000
far, 89401, 3.520000, 0.000000
far, 89501, 3.358000, 0.000000
far, 89601, 3.288000, 0.000000
far, 89701, 3.123000, 0.000000
far, 89801, 0.000000, 3.691000
far, 89901, 3.574000, 0.000000
