fai, 1, 0.447000, 0.000000, 0.001132
fai, 101, 0.000000, 0.542000, 0.001918
fai, 201, 1.269000, 0.000000, 0.002960
fai, 301, 0.000000, 0.926000, 0.003112
fai, 401, 0.692000, 0.000000, 0.002854
fai, 501, 0.922000, 0.000000, 0.002540
fai, 601, 0.814000, 0.000000, 0.003848
fai, 701, 0.671000, 0.000000, 0.003274
fai, 801, 0.643000, 0.000000, 0.002949
fai, 901, 0.754000, 0.000000, 0.003042
fai, 1001, 0.695000, 0.000000, 0.003757
fai, 1101, 0.759000, 0.000000, 0.004685
fai, 1201, 0.718000, 0.000000, 0.003913
fai, 1301, 0.000000, 0.710000, 0.004758
fai, 1401, 0.917000, 0.000000, 0.005841
fai, 1501, 0.680000, 0.000000, 0.005903
fai, 1601, 0.653000, 0.000000, 0.005267
fai, 1701, 0.701000, 0.000000, 0.005372
fai, 1801, 0.968000, 0.000000, 0.006421
fai, 1901, 0.511000, 0.000000, 0.005433
fai, 2001, 0.618000, 0.000000, 0.005965
fai, 2101, 0.707000, 0.000000, 0.007034
fai, 2201, 0.695000, 0.000000, 0.006360
fai, 2301, 0.492000, 0.000000, 0.006332
fai, 2401, 0.615000, 0.000000, 0.007079
fai, 2501, 0.558000, 0.000000, 0.006628
fai, 2601, 0.498000, 0.000000, 0.006875
fai, 2701, 0.786000, 0.000000, 0.008410
fai, 2801, 0.684000, 0.000000, 0.008768
fai, 2901, 0.476000, 0.000000, 0.007475
fai, 3001, 0.605000, 0.000000, 0.007786
fai, 3101, 0.686000, 0.000000, 0.009688
fai, 3201, 0.763000, 0.000000, 0.009001
fai, 3301, 0.519000, 0.000000, 0.008128
fai, 3401, 0.620000, 0.000000, 0.009748
fai, 3501, 0.536000, 0.000000, 0.008837
fai, 3601, 0.473000, 0.000000, 0.008978
fai, 3701, 0.957000, 0.000000, 0.011296
fai, 3801, 0.476000, 0.000000, 0.009346
fai, 3901, 0.680000, 0.000000, 0.011538
fai, 4001, 0.561000, 0.000000, 0.010008
fai, 4101, 0.513000, 0.000000, 0.009869
fai, 4201, 0.681000, 0.000000, 0.012034
fai, 4301, 0.546000, 0.000000, 0.010742
fai, 4401, 0.563000, 0.000000, 0.010637
fai, 4501, 0.500000, 0.000000, 0.011058
fai, 4601, 0.000000, 0.579000, 0.011372
fai, 4701, 0.767000, 0.000000, 0.013432
fai, 4801, 0.479000, 0.000000, 0.011473
fai, 4901, 0.651000, 0.000000, 0.012460
fai, 5001, 0.603000, 0.000000, 0.012304
fai, 5101, 0.433000, 0.000000, 0.012302
fai, 5201, 0.701000, 0.000000, 0.012382
fai, 5301, 0.547000, 0.000000, 0.012784
fai, 5401, 0.681000, 0.000000, 0.013285
fai, 5501, 0.500000, 0.000000, 0.012978
fai, 5601, 0.572000, 0.000000, 0.013674
fai, 5701, 0.511000, 0.000000, 0.013669
fai, 5801, 0.517000, 0.000000, 0.014031
fai, 5901, 0.812000, 0.000000, 0.016143
fai, 6001, 0.478000, 0.000000, 0.014163
fai, 6101, 0.545000, 0.000000, 0.014131
fai, 6201, 0.602000, 0.000000, 0.014512
fai, 6301, 0.483000, 0.000000, 0.015228
fai, 6401, 0.760000, 0.000000, 0.015071
fai, 6501, 0.633000, 0.000000, 0.015195
fai, 6601, 0.569000, 0.000000, 0.015268
fai, 6701, 0.746000, 0.000000, 0.015987
fai, 6801, 0.641000, 0.000000, 0.016231
fai, 6901, 0.777000, 0.000000, 0.022506
fai, 7001, 0.677000, 0.000000, 0.018878
fai, 7101, 0.552000, 0.000000, 0.018747
fai, 7201, 0.560000, 0.000000, 0.016754
fai, 7301, 0.510000, 0.000000, 0.016829
fai, 7401, 0.907000, 0.000000, 0.017217
fai, 7501, 0.475000, 0.000000, 0.017381
fai, 7601, 0.526000, 0.000000, 0.017888
fai, 7701, 0.559000, 0.000000, 0.017841
fai, 7801, 0.482000, 0.000000, 0.018083
fai, 7901, 0.828000, 0.000000, 0.018856
fai, 8001, 0.589000, 0.000000, 0.018357
fai, 8101, 0.485000, 0.000000, 0.018619
fai, 8201, 0.680000, 0.000000, 0.018972
fai, 8301, 0.544000, 0.000000, 0.019291
fai, 8401, 1.473000, 0.000000, 0.044423
fai, 8501, 0.525000, 0.000000, 0.019416
fai, 8601, 0.750000, 0.000000, 0.024328
fai, 8701, 0.647000, 0.000000, 0.020247
fai, 8801, 0.610000, 0.000000, 0.020130
fai, 8901, 0.542000, 0.000000, 0.020133
fai, 9001, 0.591000, 0.000000, 0.020436
fai, 9101, 0.000000, 0.786000, 0.024963
fai, 9201, 0.513000, 0.000000, 0.020938
fai, 9301, 0.637000, 0.000000, 0.021904
fai, 9401, 0.598000, 0.000000, 0.021536
fai, 9501, 0.552000, 0.000000, 0.021937
fai, 9601, 0.696000, 0.000000, 0.022361
fai, 9701, 0.562000, 0.000000, 0.021947
fai, 9801, 0.618000, 0.000000, 0.023854
fai, 9901, 0.597000, 0.000000, 0.026354
fai, 10001, 0.665000, 0.000000, 0.054309
fai, 10101, 0.552000, 0.000000, 0.023042
fai, 10201, 0.528000, 0.000000, 0.023175
fai, 10301, 0.995000, 0.000000, 0.027309
fai, 10401, 0.879000, 0.000000, 0.023661
fai, 10501, 0.660000, 0.000000, 0.026113
fai, 10601, 0.886000, 0.000000, 0.024027
fai, 10701, 0.749000, 0.000000, 0.028434
fai, 10801, 0.604000, 0.000000, 0.024764
fai, 10901, 0.505000, 0.000000, 0.024510
fai, 11001, 0.978000, 0.000000, 0.024855
fai, 11101, 0.697000, 0.000000, 0.025567
fai, 11201, 0.000000, 0.877000, 0.029147
fai, 11301, 0.512000, 0.000000, 0.025394
fai, 11401, 0.670000, 0.000000, 0.026424
fai, 11501, 0.551000, 0.000000, 0.025709
fai, 11601, 0.512000, 0.000000, 0.025907
fai, 11701, 0.739000, 0.000000, 0.029932
fai, 11801, 1.034000, 0.000000, 0.031192
fai, 11901, 0.622000, 0.000000, 0.026881
fai, 12001, 0.762000, 0.000000, 0.031632
fai, 12101, 0.735000, 0.000000, 0.027469
fai, 12201, 1.127000, 0.000000, 0.029415
fai, 12301, 0.000000, 0.578000, 0.028026
fai, 12401, 0.638000, 0.000000, 0.027643
fai, 12501, 0.595000, 0.000000, 0.028328
fai, 12601, 0.640000, 0.000000, 0.028706
fai, 12701, 0.692000, 0.000000, 0.033083
fai, 12801, 0.576000, 0.000000, 0.029297
fai, 12901, 0.809000, 0.000000, 0.033132
fai, 13001, 1.090000, 0.000000, 0.184883
fai, 13101, 0.746000, 0.000000, 0.030864
fai, 13201, 0.571000, 0.000000, 0.030423
fai, 13301, 0.689000, 0.000000, 0.035693
fai, 13401, 0.510000, 0.000000, 0.030234
fai, 13501, 0.582000, 0.000000, 0.030557
fai, 13601, 0.783000, 0.000000, 0.030845
fai, 13701, 0.534000, 0.000000, 0.030975
fai, 13801, 0.652000, 0.000000, 0.040568
fai, 13901, 0.689000, 0.000000, 0.031137
fai, 14001, 0.519000, 0.000000, 0.031146
fai, 14101, 0.850000, 0.000000, 0.032075
fai, 14201, 0.506000, 0.000000, 0.032059
fai, 14301, 0.557000, 0.000000, 0.032199
fai, 14401, 0.763000, 0.000000, 0.037249
fai, 14501, 0.510000, 0.000000, 0.032256
fai, 14601, 1.967000, 0.000000, 0.035666
fai, 14701, 0.561000, 0.000000, 0.032493
fai, 14801, 0.554000, 0.000000, 0.032959
fai, 14901, 0.814000, 0.000000, 0.033684
fai, 15001, 0.634000, 0.000000, 0.041622
fai, 15101, 0.700000, 0.000000, 0.038053
fai, 15201, 0.538000, 0.000000, 0.033610
fai, 15301, 0.569000, 0.000000, 0.036190
fai, 15401, 0.691000, 0.000000, 0.034381
fai, 15501, 0.519000, 0.000000, 0.034951
fai, 15601, 0.631000, 0.000000, 0.041776
fai, 15701, 0.548000, 0.000000, 0.035090
fai, 15801, 0.509000, 0.000000, 0.035723
fai, 15901, 0.689000, 0.000000, 0.035310
fai, 16001, 0.514000, 0.000000, 0.035545
fai, 16101, 0.529000, 0.000000, 0.035760
fai, 16201, 0.593000, 0.000000, 0.036045
fai, 16301, 0.589000, 0.000000, 0.036179
fai, 16401, 0.834000, 0.000000, 0.045606
fai, 16501, 0.569000, 0.000000, 0.037143
fai, 16601, 0.650000, 0.000000, 0.037253
fai, 16701, 0.618000, 0.000000, 0.037714
fai, 16801, 0.000000, 0.680000, 0.043576
fai, 16901, 0.726000, 0.000000, 0.042405
fai, 17001, 0.539000, 0.000000, 0.038136
fai, 17101, 0.522000, 0.000000, 0.037691
fai, 17201, 0.732000, 0.000000, 0.038794
fai, 17301, 0.519000, 0.000000, 0.038559
fai, 17401, 0.658000, 0.000000, 0.038615
fai, 17501, 0.515000, 0.000000, 0.039674
fai, 17601, 0.640000, 0.000000, 0.038843
fai, 17701, 0.561000, 0.000000, 0.039041
fai, 17801, 0.536000, 0.000000, 0.039282
fai, 17901, 0.000000, 0.949000, 0.070867
fai, 18001, 0.559000, 0.000000, 0.040319
fai, 18101, 0.580000, 0.000000, 0.040422
fai, 18201, 0.642000, 0.000000, 0.042156
fai, 18301, 0.540000, 0.000000, 0.058662
fai, 18401, 0.670000, 0.000000, 0.047231
fai, 18501, 0.511000, 0.000000, 0.040917
fai, 18601, 0.518000, 0.000000, 0.040910
fai, 18701, 0.766000, 0.000000, 0.041955
fai, 18801, 0.507000, 0.000000, 0.041524
fai, 18901, 0.572000, 0.000000, 0.041679
fai, 19001, 0.725000, 0.000000, 0.053812
fai, 19101, 0.596000, 0.000000, 0.042206
fai, 19201, 0.719000, 0.000000, 0.051342
fai, 19301, 0.712000, 0.000000, 0.042598
fai, 19401, 0.518000, 0.000000, 0.043438
fai, 19501, 0.723000, 0.000000, 0.043745
fai, 19601, 0.525000, 0.000000, 0.043666
fai, 19701, 0.689000, 0.000000, 0.050004
fai, 19801, 0.634000, 0.000000, 0.044305
fai, 19901, 0.547000, 0.000000, 0.043972
fai, 20001, 0.660000, 0.000000, 0.044684
fai, 20101, 0.544000, 0.000000, 0.044806
fai, 20201, 0.574000, 0.000000, 0.044650
fai, 20301, 0.557000, 0.000000, 0.044616
fai, 20401, 0.541000, 0.000000, 0.044828
fai, 20501, 0.689000, 0.000000, 0.045638
fai, 20601, 0.553000, 0.000000, 0.045733
fai, 20701, 0.515000, 0.000000, 0.045446
fai, 20801, 0.626000, 0.000000, 0.053572
fai, 20901, 0.570000, 0.000000, 0.053454
fai, 21001, 0.635000, 0.000000, 0.047294
fai, 21101, 0.514000, 0.000000, 0.046194
fai, 21201, 0.602000, 0.000000, 0.053756
fai, 21301, 0.574000, 0.000000, 0.046663
fai, 21401, 0.000000, 0.554000, 0.046949
fai, 21501, 0.696000, 0.000000, 0.052084
fai, 21601, 0.551000, 0.000000, 0.047945
fai, 21701, 0.542000, 0.000000, 0.049022
fai, 21801, 0.823000, 0.000000, 0.048186
fai, 21901, 0.563000, 0.000000, 0.047860
fai, 22001, 0.667000, 0.000000, 0.055768
fai, 22101, 0.522000, 0.000000, 0.048344
fai, 22201, 0.567000, 0.000000, 0.049124
fai, 22301, 0.000000, 0.616000, 0.049029
fai, 22401, 0.527000, 0.000000, 0.049187
fai, 22501, 0.773000, 0.000000, 0.056753
fai, 22601, 0.000000, 0.564000, 0.049716
fai, 22701, 0.513000, 0.000000, 0.050645
fai, 22801, 0.677000, 0.000000, 0.052747
fai, 22901, 0.000000, 0.623000, 0.050529
fai, 23001, 0.911000, 0.000000, 0.057937
fai, 23101, 0.569000, 0.000000, 0.051054
fai, 23201, 0.555000, 0.000000, 0.051270
fai, 23301, 0.000000, 0.525000, 0.051160
fai, 23401, 0.561000, 0.000000, 0.051775
fai, 23501, 0.779000, 0.000000, 0.057418
fai, 23601, 0.546000, 0.000000, 0.051695
fai, 23701, 0.727000, 0.000000, 0.058351
fai, 23801, 0.548000, 0.000000, 0.053271
fai, 23901, 0.530000, 0.000000, 0.052741
fai, 24001, 0.752000, 0.000000, 0.053495
fai, 24101, 0.576000, 0.000000, 0.053127
fai, 24201, 0.000000, 0.618000, 0.055454
fai, 24301, 0.546000, 0.000000, 0.053208
fai, 24401, 0.582000, 0.000000, 0.054165
fai, 24501, 0.755000, 0.000000, 0.054214
fai, 24601, 0.545000, 0.000000, 0.053802
fai, 24701, 0.776000, 0.000000, 0.062257
fai, 24801, 0.528000, 0.000000, 0.054627
fai, 24901, 0.581000, 0.000000, 0.056511
fai, 25001, 0.812000, 0.000000, 0.065361
fai, 25101, 0.546000, 0.000000, 0.054977
fai, 25201, 0.706000, 0.000000, 0.056092
fai, 25301, 0.643000, 0.000000, 0.057420
fai, 25401, 0.518000, 0.000000, 0.056896
fai, 25501, 0.575000, 0.000000, 0.056093
fai, 25601, 0.737000, 0.000000, 0.066988
fai, 25701, 0.634000, 0.000000, 0.057257
fai, 25801, 0.570000, 0.000000, 0.056296
fai, 25901, 0.781000, 0.000000, 0.058951
fai, 26001, 0.658000, 0.000000, 0.057041
fai, 26101, 0.566000, 0.000000, 0.057229
fai, 26201, 0.931000, 0.000000, 0.064008
fai, 26301, 0.495000, 0.000000, 0.057326
fai, 26401, 0.643000, 0.000000, 0.058484
fai, 26501, 0.650000, 0.000000, 0.058778
fai, 26601, 0.549000, 0.000000, 0.058138
fai, 26701, 0.871000, 0.000000, 0.070473
fai, 26801, 0.595000, 0.000000, 0.059457
fai, 26901, 0.647000, 0.000000, 0.069043
fai, 27001, 0.653000, 0.000000, 0.061282
fai, 27101, 0.618000, 0.000000, 0.060500
fai, 27201, 0.846000, 0.000000, 0.072832
fai, 27301, 0.542000, 0.000000, 0.060621
fai, 27401, 0.859000, 0.000000, 0.067625
fai, 27501, 1.093000, 0.000000, 0.067486
fai, 27601, 0.841000, 0.000000, 0.067646
fai, 27701, 0.612000, 0.000000, 0.060762
fai, 27801, 0.713000, 0.000000, 0.071091
fai, 27901, 0.674000, 0.000000, 0.070926
fai, 28001, 0.522000, 0.000000, 0.060858
fai, 28101, 0.834000, 0.000000, 0.062385
fai, 28201, 0.585000, 0.000000, 0.062728
fai, 28301, 0.631000, 0.000000, 0.064084
fai, 28401, 0.632000, 0.000000, 0.062194
fai, 28501, 0.554000, 0.000000, 0.061928
fai, 28601, 0.737000, 0.000000, 0.063040
fai, 28701, 0.703000, 0.000000, 0.070879
fai, 28801, 0.622000, 0.000000, 0.063430
fai, 28901, 0.741000, 0.000000, 0.073139
fai, 29001, 0.794000, 0.000000, 0.098463
fai, 29101, 0.559000, 0.000000, 0.064203
fai, 29201, 0.640000, 0.000000, 0.066678
fai, 29301, 0.583000, 0.000000, 0.063686
fai, 29401, 0.874000, 0.000000, 0.076067
fai, 29501, 0.755000, 0.000000, 0.079809
fai, 29601, 0.616000, 0.000000, 0.065589
fai, 29701, 0.576000, 0.000000, 0.087735
fai, 29801, 0.590000, 0.000000, 0.065020
fai, 29901, 0.734000, 0.000000, 0.066181
fai, 30001, 0.528000, 0.000000, 0.065513
fai, 30101, 0.660000, 0.000000, 0.075560
fai, 30201, 0.633000, 0.000000, 0.066230
fai, 30301, 0.000000, 0.620000, 0.066252
fai, 30401, 0.919000, 0.000000, 0.104332
fai, 30501, 0.716000, 0.000000, 0.066887
fai, 30601, 0.639000, 0.000000, 0.067749
fai, 30701, 0.000000, 0.641000, 0.067318
fai, 30801, 0.631000, 0.000000, 0.067820
fai, 30901, 0.685000, 0.000000, 0.071085
fai, 31001, 0.598000, 0.000000, 0.067578
fai, 31101, 0.584000, 0.000000, 0.069133
fai, 31201, 0.657000, 0.000000, 0.068946
fai, 31301, 0.550000, 0.000000, 0.068485
fai, 31401, 0.752000, 0.000000, 0.071775
fai, 31501, 0.545000, 0.000000, 0.082580
fai, 31601, 0.766000, 0.000000, 0.077520
fai, 31701, 0.623000, 0.000000, 0.070332
fai, 31801, 0.552000, 0.000000, 0.069688
fai, 31901, 0.721000, 0.000000, 0.072245
fai, 32001, 0.538000, 0.000000, 0.069790
fai, 32101, 0.696000, 0.000000, 0.098512
fai, 32201, 0.787000, 0.000000, 0.100187
fai, 32301, 0.556000, 0.000000, 0.070423
fai, 32401, 0.855000, 0.000000, 0.071220
fai, 32501, 0.558000, 0.000000, 0.070839
fai, 32601, 0.585000, 0.000000, 0.074606
fai, 32701, 0.568000, 0.000000, 0.071448
fai, 32801, 0.602000, 0.000000, 0.072754
fai, 32901, 0.747000, 0.000000, 0.073133
fai, 33001, 0.538000, 0.000000, 0.072030
fai, 33101, 0.607000, 0.000000, 0.072663
fai, 33201, 0.595000, 0.000000, 0.072229
fai, 33301, 0.540000, 0.000000, 0.073953
fai, 33401, 0.777000, 0.000000, 0.076755
fai, 33501, 0.558000, 0.000000, 0.072868
fai, 33601, 0.593000, 0.000000, 0.073450
fai, 33701, 0.710000, 0.000000, 0.075189
fai, 33801, 0.552000, 0.000000, 0.073533
fai, 33901, 0.862000, 0.000000, 0.076613
fai, 34001, 0.539000, 0.000000, 0.073856
fai, 34101, 0.548000, 0.000000, 0.075368
fai, 34201, 0.837000, 0.000000, 0.076519
fai, 34301, 0.527000, 0.000000, 0.074847
fai, 34401, 0.640000, 0.000000, 0.086629
fai, 34501, 0.668000, 0.000000, 0.123927
fai, 34601, 0.540000, 0.000000, 0.075249
fai, 34701, 1.001000, 0.000000, 0.117253
fai, 34801, 0.600000, 0.000000, 0.105808
fai, 34901, 0.618000, 0.000000, 0.076484
fai, 35001, 0.648000, 0.000000, 0.079498
fai, 35101, 0.573000, 0.000000, 0.076389
fai, 35201, 0.737000, 0.000000, 0.076746
fai, 35301, 0.527000, 0.000000, 0.076789
fai, 35401, 0.645000, 0.000000, 0.077448
fai, 35501, 0.588000, 0.000000, 0.078598
fai, 35601, 0.543000, 0.000000, 0.077693
fai, 35701, 0.000000, 0.831000, 0.078953
fai, 35801, 0.591000, 0.000000, 0.081615
fai, 35901, 0.595000, 0.000000, 0.085503
fai, 36001, 0.000000, 0.635000, 0.078902
fai, 36101, 0.548000, 0.000000, 0.079532
fai, 36201, 0.868000, 0.000000, 0.080122
fai, 36301, 0.611000, 0.000000, 0.080714
fai, 36401, 0.599000, 0.000000, 0.079284
fai, 36501, 0.624000, 0.000000, 0.080280
fai, 36601, 0.671000, 0.000000, 0.081952
fai, 36701, 0.935000, 0.000000, 0.080982
fai, 36801, 0.569000, 0.000000, 0.080214
fai, 36901, 0.681000, 0.000000, 0.109915
fai, 37001, 0.642000, 0.000000, 0.081513
fai, 37101, 0.588000, 0.000000, 0.080679
fai, 37201, 1.118000, 0.000000, 0.105669
fai, 37301, 0.543000, 0.000000, 0.094645
fai, 37401, 0.619000, 0.000000, 0.081509
fai, 37501, 0.610000, 0.000000, 0.082398
fai, 37601, 0.554000, 0.000000, 0.081767
fai, 37701, 0.736000, 0.000000, 0.082238
fai, 37801, 0.000000, 0.770000, 0.141790
fai, 37901, 0.735000, 0.000000, 0.084033
fai, 38001, 0.638000, 0.000000, 0.083508
fai, 38101, 0.695000, 0.000000, 0.121907
fai, 38201, 0.667000, 0.000000, 0.095024
fai, 38301, 0.576000, 0.000000, 0.084519
fai, 38401, 0.829000, 0.000000, 0.164624
fai, 38501, 0.593000, 0.000000, 0.083735
fai, 38601, 0.593000, 0.000000, 0.084291
fai, 38701, 0.895000, 0.000000, 0.209046
fai, 38801, 0.559000, 0.000000, 0.084527
fai, 38901, 0.843000, 0.000000, 0.086216
fai, 39001, 0.668000, 0.000000, 0.100692
fai, 39101, 0.783000, 0.000000, 0.171439
fai, 39201, 0.784000, 0.000000, 0.095642
fai, 39301, 0.833000, 0.000000, 0.099764
fai, 39401, 0.700000, 0.000000, 0.099810
fai, 39501, 0.572000, 0.000000, 0.086704
fai, 39601, 0.672000, 0.000000, 0.087895
fai, 39701, 0.553000, 0.000000, 0.087170
fai, 39801, 0.663000, 0.000000, 0.089400
fai, 39901, 0.698000, 0.000000, 0.087263
fai, 40001, 0.635000, 0.000000, 0.087101
fai, 40101, 0.997000, 0.000000, 0.103113
fai, 40201, 0.738000, 0.000000, 0.095971
fai, 40301, 0.000000, 0.838000, 0.088858
fai, 40401, 0.577000, 0.000000, 0.087656
fai, 40501, 0.958000, 0.000000, 0.129428
fai, 40601, 0.572000, 0.000000, 0.088961
fai, 40701, 0.945000, 0.000000, 0.109031
fai, 40801, 0.545000, 0.000000, 0.090191
fai, 40901, 0.615000, 0.000000, 0.089216
fai, 41001, 0.825000, 0.000000, 0.089245
fai, 41101, 0.616000, 0.000000, 0.090847
fai, 41201, 0.785000, 0.000000, 0.104956
fai, 41301, 0.602000, 0.000000, 0.089928
fai, 41401, 0.587000, 0.000000, 0.090289
fai, 41501, 0.725000, 0.000000, 0.090518
fai, 41601, 0.000000, 0.617000, 0.091286
fai, 41701, 0.829000, 0.000000, 0.105392
fai, 41801, 0.582000, 0.000000, 0.090678
fai, 41901, 0.612000, 0.000000, 0.104934
fai, 42001, 0.639000, 0.000000, 0.091362
fai, 42101, 0.578000, 0.000000, 0.092795
fai, 42201, 0.730000, 0.000000, 0.109606
fai, 42301, 0.580000, 0.000000, 0.092035
fai, 42401, 0.639000, 0.000000, 0.092029
fai, 42501, 0.838000, 0.000000, 0.105373
fai, 42601, 0.641000, 0.000000, 0.092879
fai, 42701, 0.895000, 0.000000, 0.113924
fai, 42801, 0.626000, 0.000000, 0.093872
fai, 42901, 0.610000, 0.000000, 0.094053
fai, 43001, 0.732000, 0.000000, 0.094072
fai, 43101, 0.592000, 0.000000, 0.093487
fai, 43201, 0.650000, 0.000000, 0.094635
fai, 43301, 0.803000, 0.000000, 0.115699
fai, 43401, 0.560000, 0.000000, 0.094123
fai, 43501, 0.786000, 0.000000, 0.107761
fai, 43601, 0.591000, 0.000000, 0.095503
fai, 43701, 0.601000, 0.000000, 0.106137
fai, 43801, 0.619000, 0.000000, 0.096869
fai, 43901, 0.605000, 0.000000, 0.095463
fai, 44001, 0.774000, 0.000000, 0.098585
fai, 44101, 0.561000, 0.000000, 0.096539
fai, 44201, 0.599000, 0.000000, 0.096548
fai, 44301, 0.635000, 0.000000, 0.096210
fai, 44401, 0.571000, 0.000000, 0.097095
fai, 44501, 0.805000, 0.000000, 0.113644
fai, 44601, 0.609000, 0.000000, 0.097430
fai, 44701, 0.636000, 0.000000, 0.098451
fai, 44801, 0.696000, 0.000000, 0.098780
fai, 44901, 0.604000, 0.000000, 0.097459
fai, 45001, 0.758000, 0.000000, 0.140968
fai, 45101, 0.594000, 0.000000, 0.099419
fai, 45201, 0.633000, 0.000000, 0.099323
fai, 45301, 0.751000, 0.000000, 0.099024
fai, 45401, 0.578000, 0.000000, 0.099968
fai, 45501, 0.724000, 0.000000, 0.103860
fai, 45601, 0.647000, 0.000000, 0.099239
fai, 45701, 0.000000, 0.591000, 0.100262
fai, 45801, 0.714000, 0.000000, 0.102327
fai, 45901, 0.608000, 0.000000, 0.099631
fai, 46001, 0.572000, 0.000000, 0.099846
fai, 46101, 0.681000, 0.000000, 0.108335
fai, 46201, 0.720000, 0.000000, 0.102199
fai, 46301, 0.771000, 0.000000, 0.144235
fai, 46401, 0.656000, 0.000000, 0.100662
fai, 46501, 0.688000, 0.000000, 0.101656
fai, 46601, 0.652000, 0.000000, 0.101409
fai, 46701, 0.674000, 0.000000, 0.117813
fai, 46801, 0.694000, 0.000000, 0.124522
fai, 46901, 0.574000, 0.000000, 0.102105
fai, 47001, 0.761000, 0.000000, 0.102130
fai, 47101, 0.864000, 0.000000, 0.110719
fai, 47201, 0.584000, 0.000000, 0.104001
fai, 47301, 0.927000, 0.000000, 0.103384
fai, 47401, 0.772000, 0.000000, 0.123548
fai, 47501, 0.579000, 0.000000, 0.103843
fai, 47601, 0.724000, 0.000000, 0.104925
fai, 47701, 0.773000, 0.000000, 0.125873
fai, 47801, 0.809000, 0.000000, 0.106129
fai, 47901, 0.629000, 0.000000, 0.105173
fai, 48001, 0.608000, 0.000000, 0.105081
fai, 48101, 0.767000, 0.000000, 0.104172
fai, 48201, 0.599000, 0.000000, 0.105640
fai, 48301, 0.634000, 0.000000, 0.111310
fai, 48401, 0.683000, 0.000000, 0.116885
fai, 48501, 0.575000, 0.000000, 0.104895
fai, 48601, 0.918000, 0.000000, 0.126091
fai, 48701, 0.000000, 0.745000, 0.107467
fai, 48801, 0.896000, 0.000000, 0.162664
fai, 48901, 0.705000, 0.000000, 0.111950
fai, 49001, 0.920000, 0.000000, 0.122984
fai, 49101, 0.659000, 0.000000, 0.106729
fai, 49201, 0.000000, 0.895000, 0.108566
fai, 49301, 0.583000, 0.000000, 0.106982
fai, 49401, 0.771000, 0.000000, 0.125210
fai, 49501, 0.646000, 0.000000, 0.109542
fai, 49601, 0.611000, 0.000000, 0.107707
fai, 49701, 0.745000, 0.000000, 0.117862
fai, 49801, 0.579000, 0.000000, 0.112142
fai, 49901, 0.713000, 0.000000, 0.108836
fai, 50001, 0.834000, 0.000000, 0.133137
fai, 50101, 0.734000, 0.000000, 0.110675
fai, 50201, 0.786000, 0.000000, 0.111444
fai, 50301, 0.716000, 0.000000, 0.112657
fai, 50401, 0.723000, 0.000000, 0.111511
fai, 50501, 0.669000, 0.000000, 0.109942
fai, 50601, 0.000000, 0.719000, 0.113800
fai, 50701, 0.608000, 0.000000, 0.109769
fai, 50801, 0.600000, 0.000000, 0.110453
fai, 50901, 0.691000, 0.000000, 0.111722
fai, 51001, 0.643000, 0.000000, 0.110828
fai, 51101, 0.648000, 0.000000, 0.111940
fai, 51201, 0.610000, 0.000000, 0.112529
fai, 51301, 0.798000, 0.000000, 0.112754
fai, 51401, 0.877000, 0.000000, 0.126748
fai, 51501, 0.618000, 0.000000, 0.113313
fai, 51601, 0.809000, 0.000000, 0.133311
fai, 51701, 0.704000, 0.000000, 0.140234
fai, 51801, 0.000000, 0.773000, 0.114704
fai, 51901, 1.060000, 0.000000, 0.148173
fai, 52001, 0.541000, 0.000000, 0.114385
fai, 52101, 0.735000, 0.000000, 0.122103
fai, 52201, 0.885000, 0.000000, 0.132388
fai, 52301, 0.600000, 0.000000, 0.113281
fai, 52401, 0.982000, 0.000000, 0.113989
fai, 52501, 0.659000, 0.000000, 0.114459
fai, 52601, 0.584000, 0.000000, 0.125287
fai, 52701, 0.823000, 0.000000, 0.132183
fai, 52801, 0.715000, 0.000000, 0.149540
fai, 52901, 1.037000, 0.000000, 0.130807
fai, 53001, 0.667000, 0.000000, 0.189774
fai, 53101, 0.651000, 0.000000, 0.115984
fai, 53201, 0.679000, 0.000000, 0.116635
fai, 53301, 0.600000, 0.000000, 0.127644
fai, 53401, 0.652000, 0.000000, 0.122635
fai, 53501, 0.602000, 0.000000, 0.119643
fai, 53601, 0.643000, 0.000000, 0.116739
fai, 53701, 0.695000, 0.000000, 0.117065
fai, 53801, 0.579000, 0.000000, 0.117045
fai, 53901, 0.767000, 0.000000, 0.119254
fai, 54001, 0.664000, 0.000000, 0.137798
fai, 54101, 0.665000, 0.000000, 0.138863
fai, 54201, 1.339000, 0.000000, 0.134126
fai, 54301, 0.593000, 0.000000, 0.118460
fai, 54401, 0.729000, 0.000000, 0.139484
fai, 54501, 0.688000, 0.000000, 0.119018
fai, 54601, 0.563000, 0.000000, 0.119550
fai, 54701, 0.768000, 0.000000, 0.119431
fai, 54801, 0.656000, 0.000000, 0.118724
fai, 54901, 0.663000, 0.000000, 0.119942
fai, 55001, 0.647000, 0.000000, 0.120445
fai, 55101, 0.716000, 0.000000, 0.120175
fai, 55201, 0.852000, 0.000000, 0.140278
fai, 55301, 0.650000, 0.000000, 0.120041
fai, 55401, 0.774000, 0.000000, 0.127691
fai, 55501, 0.726000, 0.000000, 0.141763
fai, 55601, 0.645000, 0.000000, 0.121275
fai, 55701, 0.889000, 0.000000, 0.146228
fai, 55801, 0.905000, 0.000000, 0.223958
fai, 55901, 0.847000, 0.000000, 0.268770
fai, 56001, 0.825000, 0.000000, 0.139287
fai, 56101, 0.906000, 0.000000, 0.140648
fai, 56201, 0.794000, 0.000000, 0.169243
fai, 56301, 0.843000, 0.000000, 0.140708
fai, 56401, 0.000000, 0.838000, 0.140267
fai, 56501, 0.000000, 1.014000, 0.145177
fai, 56601, 0.836000, 0.000000, 0.148711
fai, 56701, 0.972000, 0.000000, 0.149957
fai, 56801, 0.883000, 0.000000, 0.148899
fai, 56901, 0.872000, 0.000000, 0.145131
fai, 57001, 0.761000, 0.000000, 0.144486
fai, 57101, 0.838000, 0.000000, 0.132249
fai, 57201, 0.932000, 0.000000, 0.148306
fai, 57301, 0.728000, 0.000000, 0.140896
fai, 57401, 0.852000, 0.000000, 0.141424
fai, 57501, 0.965000, 0.000000, 0.142643
fai, 57601, 0.785000, 0.000000, 0.145476
fai, 57701, 0.819000, 0.000000, 0.136632
fai, 57801, 0.667000, 0.000000, 0.125028
fai, 57901, 0.946000, 0.000000, 0.143937
fai, 58001, 0.000000, 0.722000, 0.145608
fai, 58101, 0.000000, 1.261000, 0.153676
fai, 58201, 0.690000, 0.000000, 0.151721
fai, 58301, 0.932000, 0.000000, 0.150847
fai, 58401, 0.833000, 0.000000, 0.144209
fai, 58501, 0.698000, 0.000000, 0.127370
fai, 58601, 0.613000, 0.000000, 0.127286
fai, 58701, 1.135000, 0.000000, 0.163017
fai, 58801, 0.578000, 0.000000, 0.127888
fai, 58901, 0.000000, 0.744000, 0.127569
fai, 59001, 1.098000, 0.000000, 0.173785
fai, 59101, 0.644000, 0.000000, 0.128802
fai, 59201, 0.770000, 0.000000, 0.129339
fai, 59301, 0.688000, 0.000000, 0.128837
fai, 59401, 0.875000, 0.000000, 0.146342
fai, 59501, 0.614000, 0.000000, 0.128706
fai, 59601, 0.677000, 0.000000, 0.130088
fai, 59701, 0.833000, 0.000000, 0.148095
fai, 59801, 0.615000, 0.000000, 0.129135
fai, 59901, 0.000000, 0.841000, 0.145006
fai, 60001, 0.786000, 0.000000, 0.147948
fai, 60101, 0.599000, 0.000000, 0.130693
fai, 60201, 0.831000, 0.000000, 0.141639
fai, 60301, 0.601000, 0.000000, 0.130577
fai, 60401, 0.906000, 0.000000, 0.157280
fai, 60501, 0.700000, 0.000000, 0.131457
fai, 60601, 0.594000, 0.000000, 0.131070
fai, 60701, 0.952000, 0.000000, 0.132482
fai, 60801, 0.847000, 0.000000, 0.293056
fai, 60901, 0.715000, 0.000000, 0.153520
fai, 61001, 0.659000, 0.000000, 0.132399
fai, 61101, 0.839000, 0.000000, 0.133178
fai, 61201, 1.001000, 0.000000, 0.133975
fai, 61301, 0.654000, 0.000000, 0.135034
fai, 61401, 0.791000, 0.000000, 0.159538
fai, 61501, 0.649000, 0.000000, 0.134711
fai, 61601, 0.631000, 0.000000, 0.133571
fai, 61701, 0.807000, 0.000000, 0.185988
fai, 61801, 0.617000, 0.000000, 0.133939
fai, 61901, 0.680000, 0.000000, 0.134932
fai, 62001, 0.830000, 0.000000, 0.138275
fai, 62101, 0.603000, 0.000000, 0.134331
fai, 62201, 0.847000, 0.000000, 0.144025
fai, 62301, 0.769000, 0.000000, 0.138287
fai, 62401, 0.754000, 0.000000, 0.293099
fai, 62501, 0.995000, 0.000000, 0.157847
fai, 62601, 0.624000, 0.000000, 0.136519
fai, 62701, 0.667000, 0.000000, 0.157302
fai, 62801, 0.880000, 0.000000, 0.136407
fai, 62901, 0.618000, 0.000000, 0.136340
fai, 63001, 1.093000, 0.000000, 0.137486
fai, 63101, 0.700000, 0.000000, 0.137929
fai, 63201, 0.597000, 0.000000, 0.139027
fai, 63301, 0.768000, 0.000000, 0.138562
fai, 63401, 0.660000, 0.000000, 0.136938
fai, 63501, 1.145000, 0.000000, 0.222711
fai, 63601, 0.637000, 0.000000, 0.138020
fai, 63701, 0.782000, 0.000000, 0.145194
fai, 63801, 0.660000, 0.000000, 0.139659
fai, 63901, 0.655000, 0.000000, 0.138938
fai, 64001, 0.948000, 0.000000, 0.157456
fai, 64101, 0.000000, 0.825000, 0.161625
fai, 64201, 0.924000, 0.000000, 0.161864
fai, 64301, 0.808000, 0.000000, 0.141283
fai, 64401, 0.867000, 0.000000, 0.156371
fai, 64501, 0.607000, 0.000000, 0.141682
fai, 64601, 0.766000, 0.000000, 0.153464
fai, 64701, 0.899000, 0.000000, 0.142144
fai, 64801, 0.589000, 0.000000, 0.142346
fai, 64901, 0.702000, 0.000000, 0.141344
fai, 65001, 0.804000, 0.000000, 0.141147
fai, 65101, 0.628000, 0.000000, 0.141818
fai, 65201, 0.722000, 0.000000, 0.142408
fai, 65301, 0.768000, 0.000000, 0.144001
fai, 65401, 0.765000, 0.000000, 0.154887
fai, 65501, 0.806000, 0.000000, 0.164847
fai, 65601, 0.657000, 0.000000, 0.141719
fai, 65701, 0.934000, 0.000000, 0.159506
fai, 65801, 0.680000, 0.000000, 0.144817
fai, 65901, 0.802000, 0.000000, 0.153020
fai, 66001, 0.624000, 0.000000, 0.143592
fai, 66101, 0.650000, 0.000000, 0.143028
fai, 66201, 0.869000, 0.000000, 0.152073
fai, 66301, 0.603000, 0.000000, 0.143927
fai, 66401, 0.767000, 0.000000, 0.145655
fai, 66501, 0.770000, 0.000000, 0.144823
fai, 66601, 0.598000, 0.000000, 0.147096
fai, 66701, 1.122000, 0.000000, 0.223951
fai, 66801, 0.675000, 0.000000, 0.145067
fai, 66901, 0.640000, 0.000000, 0.145934
fai, 67001, 0.730000, 0.000000, 0.147050
fai, 67101, 0.652000, 0.000000, 0.145270
fai, 67201, 0.754000, 0.000000, 0.147241
fai, 67301, 0.727000, 0.000000, 0.168310
fai, 67401, 0.724000, 0.000000, 0.147151
fai, 67501, 1.000000, 0.000000, 0.299073
fai, 67601, 0.656000, 0.000000, 0.158375
fai, 67701, 0.794000, 0.000000, 0.168220
fai, 67801, 0.618000, 0.000000, 0.148430
fai, 67901, 0.681000, 0.000000, 0.147143
fai, 68001, 0.735000, 0.000000, 0.148408
fai, 68101, 0.623000, 0.000000, 0.147526
fai, 68201, 0.829000, 0.000000, 0.153083
fai, 68301, 0.634000, 0.000000, 0.148081
fai, 68401, 0.632000, 0.000000, 0.148646
fai, 68501, 0.711000, 0.000000, 0.152604
fai, 68601, 0.647000, 0.000000, 0.148699
fai, 68701, 0.911000, 0.000000, 0.162200
fai, 68801, 0.838000, 0.000000, 0.296225
fai, 68901, 0.912000, 0.000000, 0.201263
fai, 69001, 0.777000, 0.000000, 0.150601
fai, 69101, 0.000000, 0.743000, 0.156063
fai, 69201, 0.673000, 0.000000, 0.151987
fai, 69301, 0.693000, 0.000000, 0.149743
fai, 69401, 0.000000, 1.037000, 0.157552
fai, 69501, 0.654000, 0.000000, 0.161164
fai, 69601, 0.780000, 0.000000, 0.162245
fai, 69701, 0.657000, 0.000000, 0.150745
fai, 69801, 0.617000, 0.000000, 0.151367
fai, 69901, 0.814000, 0.000000, 0.171108
fai, 70001, 0.728000, 0.000000, 0.151668
fai, 70101, 1.106000, 0.000000, 0.211725
fai, 70201, 0.711000, 0.000000, 0.151783
fai, 70301, 0.839000, 0.000000, 0.213691
fai, 70401, 0.669000, 0.000000, 0.152948
fai, 70501, 0.634000, 0.000000, 0.153614
fai, 70601, 0.794000, 0.000000, 0.159375
fai, 70701, 0.664000, 0.000000, 0.154686
fai, 70801, 0.837000, 0.000000, 0.173980
fai, 70901, 0.635000, 0.000000, 0.153622
fai, 71001, 0.696000, 0.000000, 0.154910
fai, 71101, 0.727000, 0.000000, 0.156542
fai, 71201, 0.646000, 0.000000, 0.154665
fai, 71301, 0.778000, 0.000000, 0.162268
fai, 71401, 0.630000, 0.000000, 0.156663
fai, 71501, 0.650000, 0.000000, 0.154964
fai, 71601, 0.904000, 0.000000, 0.182860
fai, 71701, 0.000000, 0.674000, 0.155855
fai, 71801, 0.878000, 0.000000, 0.175962
fai, 71901, 0.810000, 0.000000, 0.184795
fai, 72001, 0.764000, 0.000000, 0.185191
fai, 72101, 0.672000, 0.000000, 0.156287
fai, 72201, 0.772000, 0.000000, 0.170529
fai, 72301, 0.901000, 0.000000, 0.161347
fai, 72401, 0.647000, 0.000000, 0.157858
fai, 72501, 0.760000, 0.000000, 0.199581
fai, 72601, 0.685000, 0.000000, 0.160269
fai, 72701, 0.607000, 0.000000, 0.157840
fai, 72801, 0.968000, 0.000000, 0.198470
fai, 72901, 0.598000, 0.000000, 0.157362
fai, 73001, 0.641000, 0.000000, 0.158538
fai, 73101, 0.797000, 0.000000, 0.162527
fai, 73201, 0.655000, 0.000000, 0.158542
fai, 73301, 0.714000, 0.000000, 0.168910
fai, 73401, 0.841000, 0.000000, 0.195035
fai, 73501, 0.000000, 0.703000, 0.159245
fai, 73601, 0.817000, 0.000000, 0.161828
fai, 73701, 0.639000, 0.000000, 0.160601
fai, 73801, 0.000000, 0.918000, 0.181867
fai, 73901, 0.784000, 0.000000, 0.161934
fai, 74001, 0.595000, 0.000000, 0.159736
fai, 74101, 0.719000, 0.000000, 0.162431
fai, 74201, 0.640000, 0.000000, 0.160905
fai, 74301, 0.701000, 0.000000, 0.163336
fai, 74401, 0.675000, 0.000000, 0.161134
fai, 74501, 0.714000, 0.000000, 0.161731
fai, 74601, 0.868000, 0.000000, 0.162210
fai, 74701, 0.740000, 0.000000, 0.277718
fai, 74801, 0.768000, 0.000000, 0.163547
fai, 74901, 0.652000, 0.000000, 0.163934
fai, 75001, 0.642000, 0.000000, 0.164952
fai, 75101, 1.282000, 0.000000, 0.192216
fai, 75201, 0.656000, 0.000000, 0.165047
fai, 75301, 0.635000, 0.000000, 0.163652
fai, 75401, 0.883000, 0.000000, 0.186445
fai, 75501, 0.697000, 0.000000, 0.164297
fai, 75601, 0.882000, 0.000000, 0.165544
fai, 75701, 0.670000, 0.000000, 0.165773
fai, 75801, 0.814000, 0.000000, 0.232824
fai, 75901, 0.768000, 0.000000, 0.164549
fai, 76001, 0.816000, 0.000000, 0.166771
fai, 76101, 0.000000, 0.647000, 0.164150
fai, 76201, 0.678000, 0.000000, 0.166780
fai, 76301, 0.742000, 0.000000, 0.166681
fai, 76401, 0.660000, 0.000000, 0.165328
fai, 76501, 0.945000, 0.000000, 0.174810
fai, 76601, 0.663000, 0.000000, 0.165641
fai, 76701, 0.687000, 0.000000, 0.167958
fai, 76801, 0.733000, 0.000000, 0.166136
fai, 76901, 0.658000, 0.000000, 0.166235
fai, 77001, 0.840000, 0.000000, 0.168686
fai, 77101, 0.868000, 0.000000, 0.351268
fai, 77201, 0.702000, 0.000000, 0.229005
fai, 77301, 0.908000, 0.000000, 0.177516
fai, 77401, 0.742000, 0.000000, 0.193669
fai, 77501, 0.813000, 0.000000, 0.169470
fai, 77601, 0.643000, 0.000000, 0.167701
fai, 77701, 0.858000, 0.000000, 0.188244
fai, 77801, 0.722000, 0.000000, 0.168661
fai, 77901, 0.649000, 0.000000, 0.179376
fai, 78001, 0.864000, 0.000000, 0.173180
fai, 78101, 0.805000, 0.000000, 0.182156
fai, 78201, 0.882000, 0.000000, 0.186518
fai, 78301, 0.666000, 0.000000, 0.169179
fai, 78401, 0.871000, 0.000000, 0.183534
fai, 78501, 0.673000, 0.000000, 0.172852
fai, 78601, 0.772000, 0.000000, 0.169201
fai, 78701, 0.878000, 0.000000, 0.171491
fai, 78801, 0.633000, 0.000000, 0.170416
fai, 78901, 0.778000, 0.000000, 0.183082
fai, 79001, 0.890000, 0.000000, 0.188279
fai, 79101, 0.650000, 0.000000, 0.172485
fai, 79201, 0.943000, 0.000000, 0.172517
fai, 79301, 0.685000, 0.000000, 0.171780
fai, 79401, 0.702000, 0.000000, 0.173256
fai, 79501, 0.753000, 0.000000, 0.173478
fai, 79601, 0.706000, 0.000000, 0.174382
fai, 79701, 0.891000, 0.000000, 0.175391
fai, 79801, 0.656000, 0.000000, 0.172190
fai, 79901, 0.714000, 0.000000, 0.172541
fai, 80001, 0.653000, 0.000000, 0.172483
fai, 80101, 0.000000, 0.724000, 0.181775
fai, 80201, 0.781000, 0.000000, 0.177345
fai, 80301, 0.788000, 0.000000, 0.172978
fai, 80401, 0.782000, 0.000000, 0.191807
fai, 80501, 0.725000, 0.000000, 0.173452
fai, 80601, 0.815000, 0.000000, 0.181075
fai, 80701, 0.715000, 0.000000, 0.193325
fai, 80801, 0.680000, 0.000000, 0.174327
fai, 80901, 0.781000, 0.000000, 0.181890
fai, 81001, 0.695000, 0.000000, 0.220811
fai, 81101, 0.867000, 0.000000, 0.176889
fai, 81201, 0.763000, 0.000000, 0.177809
fai, 81301, 0.764000, 0.000000, 0.325964
fai, 81401, 1.008000, 0.000000, 0.200601
fai, 81501, 0.698000, 0.000000, 0.188985
fai, 81601, 0.648000, 0.000000, 0.177442
fai, 81701, 1.044000, 0.000000, 0.253054
fai, 81801, 0.667000, 0.000000, 0.176603
fai, 81901, 0.744000, 0.000000, 0.188556
fai, 82001, 0.823000, 0.000000, 0.347695
fai, 82101, 0.668000, 0.000000, 0.179156
fai, 82201, 0.940000, 0.000000, 0.179803
fai, 82301, 0.748000, 0.000000, 0.206766
fai, 82401, 0.672000, 0.000000, 0.177836
fai, 82501, 0.733000, 0.000000, 0.179362
fai, 82601, 0.833000, 0.000000, 0.207076
fai, 82701, 1.055000, 0.000000, 0.328380
fai, 82801, 0.672000, 0.000000, 0.180475
fai, 82901, 0.793000, 0.000000, 0.200416
fai, 83001, 0.765000, 0.000000, 0.205779
fai, 83101, 0.660000, 0.000000, 0.179064
fai, 83201, 0.734000, 0.000000, 0.182919
fai, 83301, 0.649000, 0.000000, 0.179481
fai, 83401, 0.736000, 0.000000, 0.229229
fai, 83501, 0.803000, 0.000000, 0.180753
fai, 83601, 0.638000, 0.000000, 0.181831
fai, 83701, 0.842000, 0.000000, 0.203496
fai, 83801, 0.884000, 0.000000, 0.198275
fai, 83901, 0.689000, 0.000000, 0.180762
fai, 84001, 0.898000, 0.000000, 0.197604
fai, 84101, 0.672000, 0.000000, 0.185161
fai, 84201, 0.866000, 0.000000, 0.207658
fai, 84301, 0.926000, 0.000000, 0.253954
fai, 84401, 0.682000, 0.000000, 0.181810
fai, 84501, 1.082000, 0.000000, 0.234612
fai, 84601, 0.782000, 0.000000, 0.183498
fai, 84701, 0.675000, 0.000000, 0.199811
fai, 84801, 0.753000, 0.000000, 0.183003
fai, 84901, 0.723000, 0.000000, 0.187585
fai, 85001, 0.963000, 0.000000, 0.185651
fai, 85101, 0.669000, 0.000000, 0.184298
fai, 85201, 0.730000, 0.000000, 0.215617
fai, 85301, 0.724000, 0.000000, 0.195723
fai, 85401, 0.640000, 0.000000, 0.187000
fai, 85501, 1.100000, 0.000000, 0.187981
fai, 85601, 0.653000, 0.000000, 0.184406
fai, 85701, 0.711000, 0.000000, 0.197085
fai, 85801, 0.749000, 0.000000, 0.198001
fai, 85901, 0.646000, 0.000000, 0.185305
fai, 86001, 0.983000, 0.000000, 0.187392
fai, 86101, 0.710000, 0.000000, 0.212981
fai, 86201, 0.686000, 0.000000, 0.186454
fai, 86301, 1.256000, 0.000000, 0.219780
fai, 86401, 0.785000, 0.000000, 0.204519
fai, 86501, 0.896000, 0.000000, 0.221397
fai, 86601, 0.655000, 0.000000, 0.189240
fai, 86701, 0.000000, 0.819000, 0.207717
fai, 86801, 0.695000, 0.000000, 0.193976
fai, 86901, 0.786000, 0.000000, 0.331907
fai, 87001, 0.893000, 0.000000, 0.211303
fai, 87101, 0.670000, 0.000000, 0.189486
fai, 87201, 0.844000, 0.000000, 0.206348
fai, 87301, 0.748000, 0.000000, 0.190764
fai, 87401, 0.673000, 0.000000, 0.190381
fai, 87501, 0.830000, 0.000000, 0.191354
fai, 87601, 0.765000, 0.000000, 0.190122
fai, 87701, 0.973000, 0.000000, 0.214172
fai, 87801, 0.768000, 0.000000, 0.229021
fai, 87901, 0.904000, 0.000000, 0.190828
fai, 88001, 0.802000, 0.000000, 0.190742
fai, 88101, 1.063000, 0.000000, 0.218885
fai, 88201, 0.870000, 0.000000, 0.206448
fai, 88301, 0.852000, 0.000000, 0.196758
fai, 88401, 0.717000, 0.000000, 0.191047
fai, 88501, 0.859000, 0.000000, 0.212092
fai, 88601, 0.675000, 0.000000, 0.204059
fai, 88701, 0.794000, 0.000000, 0.193470
fai, 88801, 0.828000, 0.000000, 0.222914
fai, 88901, 0.651000, 0.000000, 0.191165
fai, 89001, 0.946000, 0.000000, 0.233124
fai, 89101, 0.696000, 0.000000, 0.191960
fai, 89201, 0.728000, 0.000000, 0.191915
fai, 89301, 0.906000, 0.000000, 0.242817
fai, 89401, 0.898000, 0.000000, 0.228739
fai, 89501, 0.781000, 0.000000, 0.193420
fai, 89601, 0.858000, 0.000000, 0.208472
fai, 89701, 0.878000, 0.000000, 0.194256
fai, 89801, 0.672000, 0.000000, 0.194028
fai, 89901, 0.777000, 0.000000, 0.235789
