far, 1, 0.000062
far, 101, 0.001425
far, 201, 0.002877
far, 301, 0.006106
far, 401, 0.008296
far, 501, 0.011116
far, 601, 0.010538
far, 701, 0.014892
far, 801, 0.022105
far, 901, 0.019092
far, 1001, 0.021009
far, 1101, 0.026567
far, 1201, 0.029471
far, 1301, 0.026188
far, 1401, 0.094728
far, 1501, 0.034635
far, 1601, 0.033499
far, 1701, 0.110733
far, 1801, 0.034570
far, 1901, 0.042690
far, 2001, 0.062676
far, 2101, 0.049887
far, 2201, 0.053126
far, 2301, 0.046868
far, 2401, 0.047726
far, 2501, 0.055610
far, 2601, 0.053675
far, 2701, 0.063471
far, 2801, 0.128393
far, 2901, 0.058186
far, 3001, 0.065957
far, 3101, 0.127651
far, 3201, 0.064512
far, 3301, 0.080825
far, 3401, 0.076454
far, 3501, 0.073484
far, 3601, 0.090212
far, 3701, 0.091357
far, 3801, 0.078011
far, 3901, 0.091409
far, 4001, 0.087357
far, 4101, 0.180545
far, 4201, 0.109137
far, 4301, 0.105840
far, 4401, 0.151075
far, 4501, 0.110803
far, 4601, 0.115107
far, 4701, 0.124855
far, 4801, 0.123206
far, 4901, 0.106207
far, 5001, 0.129345
far, 5101, 0.105840
far, 5201, 0.105842
far, 5301, 0.128057
far, 5401, 0.108771
far, 5501, 0.142996
far, 5601, 0.156523
far, 5701, 0.117193
far, 5801, 0.125545
far, 5901, 0.150020
far, 6001, 0.123182
far, 6101, 0.243796
far, 6201, 0.144882
far, 6301, 0.130368
far, 6401, 0.136500
far, 6501, 0.146592
far, 6601, 0.141729
far, 6701, 0.176942
far, 6801, 0.175825
far, 6901, 0.143748
far, 7001, 0.173101
far, 7101, 0.165845
far, 7201, 0.149389
far, 7301, 0.157748
far, 7401, 0.413812
far, 7501, 0.152106
far, 7601, 0.181522
far, 7701, 0.238009
far, 7801, 0.160731
far, 7901, 0.204944
far, 8001, 0.187150
far, 8101, 0.192649
far, 8201, 0.202105
far, 8301, 0.182514
far, 8401, 0.225353
far, 8501, 0.188716
far, 8601, 0.229924
far, 8701, 0.563248
far, 8801, 0.225612
far, 8901, 0.197397
far, 9001, 0.205855
far, 9101, 0.199696
far, 9201, 0.243713
far, 9301, 0.216164
far, 9401, 0.207578
far, 9501, 0.228016
far, 9601, 0.264105
far, 9701, 0.202985
far, 9801, 0.259627
far, 9901, 0.405772
far, 10001, 0.205895
far, 10101, 0.263588
far, 10201, 0.242074
far, 10301, 0.219009
far, 10401, 0.291692
far, 10501, 0.432283
far, 10601, 0.253957
far, 10701, 0.250444
far, 10801, 0.228223
far, 10901, 0.227764
far, 11001, 0.260055
far, 11101, 0.248970
far, 11201, 0.269944
far, 11301, 0.323480
far, 11401, 0.241415
far, 11501, 0.314822
far, 11601, 0.308093
far, 11701, 0.245973
far, 11801, 0.340907
far, 11901, 0.483451
far, 12001, 0.252850
far, 12101, 0.318602
far, 12201, 0.251532
far, 12301, 0.287075
far, 12401, 0.339206
far, 12501, 0.312305
far, 12601, 0.309110
far, 12701, 0.266149
far, 12801, 0.258487
far, 12901, 0.342570
far, 13001, 0.284583
far, 13101, 0.274918
far, 13201, 0.432022
far, 13301, 0.294944
far, 13401, 0.371797
far, 13501, 0.392746
far, 13601, 0.284577
far, 13701, 0.303649
far, 13801, 0.314750
far, 13901, 0.287920
far, 14001, 0.396874
far, 14101, 0.431497
far, 14201, 0.300155
far, 14301, 0.546815
far, 14401, 0.310126
far, 14501, 0.364914
far, 14601, 0.397003
far, 14701, 0.367141
far, 14801, 0.363685
far, 14901, 0.333628
far, 15001, 0.412151
far, 15101, 0.433155
far, 15201, 0.336478
far, 15301, 0.330831
far, 15401, 0.369613
far, 15501, 0.350697
far, 15601, 0.413896
far, 15701, 1.139752
far, 15801, 0.363042
far, 15901, 0.491423
far, 16001, 0.345030
far, 16101, 0.836104
far, 16201, 0.420230
far, 16301, 0.351050
far, 16401, 0.442768
far, 16501, 0.377541
far, 16601, 0.457887
far, 16701, 0.471659
far, 16801, 0.514870
far, 16901, 0.571245
far, 17001, 0.598626
far, 17101, 0.563432
far, 17201, 0.489018
far, 17301, 0.560448
far, 17401, 0.538494
far, 17501, 0.537617
far, 17601, 0.399124
far, 17701, 0.493201
far, 17801, 0.419104
far, 17901, 0.396029
far, 18001, 0.460975
far, 18101, 0.386268
far, 18201, 0.421770
far, 18301, 0.513639
far, 18401, 0.499370
far, 18501, 0.451001
far, 18601, 0.450139
far, 18701, 0.458321
far, 18801, 0.547868
far, 18901, 0.434828
far, 19001, 0.528849
far, 19101, 0.532770
far, 19201, 0.801850
far, 19301, 0.440150
far, 19401, 0.429350
far, 19501, 0.447156
far, 19601, 0.439874
far, 19701, 0.616124
far, 19801, 0.421766
far, 19901, 0.442865
far, 20001, 0.590311
far, 20101, 0.535971
far, 20201, 0.599167
far, 20301, 0.581514
far, 20401, 0.778186
far, 20501, 0.555527
far, 20601, 0.456911
far, 20701, 0.608299
far, 20801, 0.438523
far, 20901, 0.432125
far, 21001, 0.609296
far, 21101, 0.524793
far, 21201, 0.446312
far, 21301, 0.655150
far, 21401, 0.622973
far, 21501, 0.490240
far, 21601, 0.591962
far, 21701, 0.462216
far, 21801, 0.468151
far, 21901, 0.561360
far, 22001, 0.575035
far, 22101, 0.711360
far, 22201, 0.493939
far, 22301, 0.599861
far, 22401, 0.477164
far, 22501, 0.551026
far, 22601, 0.603140
far, 22701, 0.512008
far, 22801, 0.527585
far, 22901, 0.852713
far, 23001, 0.523372
far, 23101, 0.706115
far, 23201, 0.661114
far, 23301, 0.503465
far, 23401, 0.694381
far, 23501, 0.590648
far, 23601, 0.831274
far, 23701, 0.928351
far, 23801, 0.565253
far, 23901, 0.654948
far, 24001, 0.534819
far, 24101, 0.543716
far, 24201, 0.936801
far, 24301, 0.707774
far, 24401, 0.716023
far, 24501, 0.733128
far, 24601, 0.706753
far, 24701, 1.185664
far, 24801, 0.588557
far, 24901, 0.804336
far, 25001, 0.695341
far, 25101, 0.609411
far, 25201, 0.562029
far, 25301, 0.734034
far, 25401, 0.632324
far, 25501, 0.611607
far, 25601, 0.800017
far, 25701, 0.595329
far, 25801, 0.570554
far, 25901, 0.650687
far, 26001, 0.556259
far, 26101, 1.159114
far, 26201, 0.789429
far, 26301, 0.564259
far, 26401, 0.983471
far, 26501, 0.618931
far, 26601, 0.605987
far, 26701, 0.842666
far, 26801, 0.672629
far, 26901, 0.788097
far, 27001, 0.831627
far, 27101, 0.689094
far, 27201, 0.856100
far, 27301, 0.733079
far, 27401, 0.870540
far, 27501, 0.678399
far, 27601, 0.669555
far, 27701, 0.845787
far, 27801, 0.682506
far, 27901, 0.971514
far, 28001, 0.616124
far, 28101, 0.652585
far, 28201, 0.845185
far, 28301, 0.660241
far, 28401, 0.808247
far, 28501, 0.805676
far, 28601, 1.290863
far, 28701, 0.729870
far, 28801, 0.630569
far, 28901, 1.225706
far, 29001, 0.657823
far, 29101, 0.831580
far, 29201, 0.815951
far, 29301, 0.620894
far, 29401, 0.926993
far, 29501, 0.747517
far, 29601, 0.871726
far, 29701, 0.914837
far, 29801, 0.678572
far, 29901, 0.868410
far, 30001, 0.662255
far, 30101, 0.809334
far, 30201, 1.082574
far, 30301, 0.701610
far, 30401, 0.777374
far, 30501, 0.659813
far, 30601, 0.646455
far, 30701, 0.926748
far, 30801, 0.832711
far, 30901, 1.020746
far, 31001, 0.740988
far, 31101, 0.976200
far, 31201, 0.880511
far, 31301, 0.789596
far, 31401, 1.247689
far, 31501, 0.987820
far, 31601, 1.017307
far, 31701, 0.945184
far, 31801, 0.779208
far, 31901, 0.944694
far, 32001, 1.505768
far, 32101, 0.917272
far, 32201, 0.945815
far, 32301, 0.868110
far, 32401, 1.029196
far, 32501, 0.815454
far, 32601, 1.013211
far, 32701, 1.007670
far, 32801, 1.021925
far, 32901, 0.933144
far, 33001, 0.846626
far, 33101, 0.724174
far, 33201, 0.764123
far, 33301, 0.958872
far, 33401, 0.822737
far, 33501, 0.800283
far, 33601, 1.110985
far, 33701, 0.875424
far, 33801, 0.991524
far, 33901, 0.790350
far, 34001, 0.751264
far, 34101, 0.941278
far, 34201, 0.746056
far, 34301, 1.225744
far, 34401, 0.927015
far, 34501, 0.756997
far, 34601, 0.945456
far, 34701, 0.856200
far, 34801, 0.955320
far, 34901, 0.983033
far, 35001, 1.027342
far, 35101, 0.819879
far, 35201, 1.006761
far, 35301, 1.267760
far, 35401, 0.809506
far, 35501, 1.212355
far, 35601, 0.777726
far, 35701, 1.180633
far, 35801, 1.111491
far, 35901, 0.776209
far, 36001, 1.880855
far, 36101, 0.766415
far, 36201, 1.504903
far, 36301, 1.535283
far, 36401, 0.858243
far, 36501, 1.124436
far, 36601, 0.945705
far, 36701, 1.088193
far, 36801, 0.831351
far, 36901, 0.798100
far, 37001, 0.869097
far, 37101, 1.015238
far, 37201, 1.152908
far, 37301, 0.970666
far, 37401, 1.063421
far, 37501, 0.827437
far, 37601, 1.082351
far, 37701, 0.842484
far, 37801, 0.935378
far, 37901, 1.010545
far, 38001, 0.886575
far, 38101, 1.147179
far, 38201, 1.559103
far, 38301, 1.232739
far, 38401, 1.025330
far, 38501, 1.288309
far, 38601, 1.673114
far, 38701, 0.872270
far, 38801, 2.027911
far, 38901, 0.960876
far, 39001, 1.566348
far, 39101, 1.312261
far, 39201, 1.620189
far, 39301, 1.198107
far, 39401, 1.403602
far, 39501, 0.964539
far, 39601, 1.215157
far, 39701, 1.123768
far, 39801, 1.093181
far, 39901, 1.405576
far, 40001, 0.973831
far, 40101, 1.488119
far, 40201, 0.899741
far, 40301, 1.305835
far, 40401, 0.907360
far, 40501, 1.105802
far, 40601, 1.052094
far, 40701, 1.037456
far, 40801, 1.287188
far, 40901, 0.991655
far, 41001, 1.060557
far, 41101, 0.920407
far, 41201, 1.698923
far, 41301, 1.951877
far, 41401, 1.005749
far, 41501, 1.737142
far, 41601, 0.982477
far, 41701, 1.151424
far, 41801, 1.278418
far, 41901, 0.933323
far, 42001, 1.232573
far, 42101, 1.129256
far, 42201, 1.115154
far, 42301, 1.714218
far, 42401, 1.259131
far, 42501, 1.253350
far, 42601, 1.087310
far, 42701, 1.315884
far, 42801, 1.253993
far, 42901, 1.416246
far, 43001, 1.023415
far, 43101, 1.291978
far, 43201, 1.169160
far, 43301, 1.157816
far, 43401, 0.997061
far, 43501, 0.947548
far, 43601, 1.624100
far, 43701, 0.984518
far, 43801, 1.272759
far, 43901, 1.187381
far, 44001, 1.230767
far, 44101, 1.315312
far, 44201, 1.030392
far, 44301, 1.526019
far, 44401, 1.065371
far, 44501, 1.318168
far, 44601, 1.392239
far, 44701, 1.199824
far, 44801, 0.999370
far, 44901, 1.601089
far, 45001, 1.358241
far, 45101, 1.007199
far, 45201, 1.335373
far, 45301, 1.086890
far, 45401, 1.416249
far, 45501, 2.326183
far, 45601, 1.013321
far, 45701, 1.878973
far, 45801, 1.279359
far, 45901, 1.196262
far, 46001, 1.570516
far, 46101, 2.374900
far, 46201, 1.535530
far, 46301, 2.206994
far, 46401, 1.331345
far, 46501, 1.273062
far, 46601, 1.164534
far, 46701, 1.470210
far, 46801, 1.380779
far, 46901, 1.546408
far, 47001, 1.460697
far, 47101, 1.668916
far, 47201, 1.264207
far, 47301, 1.304574
far, 47401, 1.878564
far, 47501, 2.081402
far, 47601, 1.314126
far, 47701, 1.899977
far, 47801, 1.124587
far, 47901, 1.587173
far, 48001, 1.479882
far, 48101, 1.038268
far, 48201, 1.361965
far, 48301, 1.032139
far, 48401, 1.407497
far, 48501, 1.084646
far, 48601, 1.273683
far, 48701, 1.172073
far, 48801, 1.066039
far, 48901, 1.536891
far, 49001, 1.165987
far, 49101, 1.474027
far, 49201, 1.112368
far, 49301, 1.417724
far, 49401, 2.101604
far, 49501, 1.066022
far, 49601, 1.499683
far, 49701, 1.078589
far, 49801, 1.255894
far, 49901, 1.140306
far, 50001, 1.215630
far, 50101, 1.387417
far, 50201, 1.172710
far, 50301, 1.809693
far, 50401, 1.239238
far, 50501, 1.456639
far, 50601, 1.208975
far, 50701, 1.585501
far, 50801, 1.162746
far, 50901, 1.413352
far, 51001, 1.108250
far, 51101, 1.144095
far, 51201, 1.215055
far, 51301, 1.212212
far, 51401, 1.651159
far, 51501, 1.229835
far, 51601, 1.701042
far, 51701, 1.773086
far, 51801, 1.273607
far, 51901, 1.238406
far, 52001, 1.154321
far, 52101, 1.799915
far, 52201, 1.337580
far, 52301, 1.580367
far, 52401, 1.275897
far, 52501, 1.344809
far, 52601, 1.194671
far, 52701, 1.836630
far, 52801, 1.653893
far, 52901, 3.353233
far, 53001, 1.613378
far, 53101, 1.329262
far, 53201, 1.737335
far, 53301, 1.324053
far, 53401, 1.366694
far, 53501, 1.170222
far, 53601, 1.277083
far, 53701, 2.094505
far, 53801, 1.313212
far, 53901, 1.620099
far, 54001, 1.502319
far, 54101, 1.733296
far, 54201, 1.646665
far, 54301, 1.232780
far, 54401, 1.575454
far, 54501, 1.283582
far, 54601, 1.612540
far, 54701, 1.334867
far, 54801, 1.183626
far, 54901, 1.354524
far, 55001, 1.307591
far, 55101, 2.285246
far, 55201, 1.226944
far, 55301, 1.779709
far, 55401, 1.361430
far, 55501, 1.250623
far, 55601, 1.359236
far, 55701, 1.357461
far, 55801, 2.392986
far, 55901, 1.216751
far, 56001, 2.644861
far, 56101, 1.355752
far, 56201, 1.643310
far, 56301, 1.590569
far, 56401, 1.852551
far, 56501, 2.265443
far, 56601, 1.454903
far, 56701, 1.567570
far, 56801, 1.325682
far, 56901, 1.849152
far, 57001, 1.383523
far, 57101, 1.663953
far, 57201, 1.299980
far, 57301, 1.276609
far, 57401, 1.401421
far, 57501, 1.377189
far, 57601, 1.989397
far, 57701, 1.297645
far, 57801, 2.127503
far, 57901, 1.662911
far, 58001, 1.349593
far, 58101, 1.401291
far, 58201, 1.266551
far, 58301, 1.885622
far, 58401, 1.359657
far, 58501, 1.808490
far, 58601, 1.349609
far, 58701, 2.248435
far, 58801, 1.508257
far, 58901, 1.367526
far, 59001, 1.447753
far, 59101, 1.479021
far, 59201, 1.697217
far, 59301, 1.716828
far, 59401, 2.071939
far, 59501, 3.602855
far, 59601, 1.931374
far, 59701, 1.864574
far, 59801, 2.681212
far, 59901, 1.998257
far, 60001, 3.200436
far, 60101, 1.953864
far, 60201, 1.863745
far, 60301, 2.464964
far, 60401, 2.023707
far, 60501, 2.059534
far, 60601, 2.549669
far, 60701, 2.434495
far, 60801, 7.018641
far, 60901, 2.145639
far, 61001, 2.499160
far, 61101, 2.010213
far, 61201, 2.355967
far, 61301, 2.357046
far, 61401, 2.340283
far, 61501, 2.281061
far, 61601, 2.374512
far, 61701, 2.305009
far, 61801, 2.277491
far, 61901, 2.463499
far, 62001, 2.480973
far, 62101, 2.838175
far, 62201, 3.105824
far, 62301, 2.528631
far, 62401, 2.724023
far, 62501, 2.920121
far, 62601, 2.435358
far, 62701, 2.709769
far, 62801, 2.594467
far, 62901, 2.477992
far, 63001, 2.360354
far, 63101, 2.889361
far, 63201, 2.719181
far, 63301, 2.092391
far, 63401, 3.515596
far, 63501, 2.658523
far, 63601, 2.876045
far, 63701, 2.287758
far, 63801, 2.502087
far, 63901, 2.314399
far, 64001, 2.644258
far, 64101, 2.482687
far, 64201, 2.468107
far, 64301, 3.022723
far, 64401, 2.450889
far, 64501, 2.700550
far, 64601, 2.878662
far, 64701, 2.211008
far, 64801, 2.873905
far, 64901, 3.083614
far, 65001, 2.860400
far, 65101, 2.354078
far, 65201, 2.630553
far, 65301, 2.776613
far, 65401, 2.781482
far, 65501, 1.975427
far, 65601, 2.328364
far, 65701, 2.828093
far, 65801, 2.516095
far, 65901, 2.647490
far, 66001, 2.159860
far, 66101, 2.744684
far, 66201, 3.161351
far, 66301, 3.034355
far, 66401, 2.199411
far, 66501, 2.902061
far, 66601, 4.506202
far, 66701, 2.270962
far, 66801, 3.660656
far, 66901, 2.987798
far, 67001, 3.137560
far, 67101, 2.712629
far, 67201, 2.842628
far, 67301, 4.269377
far, 67401, 2.576192
far, 67501, 2.638620
far, 67601, 3.379892
far, 67701, 4.554946
far, 67801, 3.163822
far, 67901, 2.432073
far, 68001, 2.702569
far, 68101, 2.821376
far, 68201, 2.963074
far, 68301, 5.541167
far, 68401, 2.785083
far, 68501, 2.955078
far, 68601, 3.493983
far, 68701, 2.975907
far, 68801, 3.049769
far, 68901, 2.857000
far, 69001, 3.013670
far, 69101, 3.284131
far, 69201, 2.516382
far, 69301, 2.779920
far, 69401, 2.602351
far, 69501, 2.579605
far, 69601, 2.759072
far, 69701, 2.911509
far, 69801, 2.806114
far, 69901, 2.601514
far, 70001, 3.850913
far, 70101, 2.750639
far, 70201, 2.240083
far, 70301, 3.813048
far, 70401, 2.631867
far, 70501, 3.027730
far, 70601, 3.072139
far, 70701, 3.283912
far, 70801, 2.417637
far, 70901, 3.418995
far, 71001, 2.981440
far, 71101, 4.687666
far, 71201, 2.408040
far, 71301, 2.367169
far, 71401, 2.656619
far, 71501, 2.740487
far, 71601, 3.121960
far, 71701, 2.760206
far, 71801, 2.978328
far, 71901, 2.812695
far, 72001, 2.634538
far, 72101, 2.908978
far, 72201, 2.820445
far, 72301, 2.841622
far, 72401, 2.693413
far, 72501, 2.330995
far, 72601, 3.304602
far, 72701, 2.781166
far, 72801, 2.452085
far, 72901, 2.762048
far, 73001, 2.785159
far, 73101, 2.584954
far, 73201, 3.802789
far, 73301, 3.391163
far, 73401, 2.752434
far, 73501, 3.864293
far, 73601, 3.063193
far, 73701, 3.451511
far, 73801, 2.649281
far, 73901, 3.504082
far, 74001, 2.777242
far, 74101, 2.902551
far, 74201, 3.020858
far, 74301, 3.314530
far, 74401, 2.802324
far, 74501, 2.844976
far, 74601, 3.407741
far, 74701, 2.782473
far, 74801, 2.674919
far, 74901, 3.991621
far, 75001, 3.235507
far, 75101, 2.573844
far, 75201, 2.810905
far, 75301, 3.137962
far, 75401, 3.159701
far, 75501, 3.507018
far, 75601, 3.061617
far, 75701, 2.812871
far, 75801, 3.760700
far, 75901, 3.021905
far, 76001, 2.590899
far, 76101, 3.947041
far, 76201, 3.283401
far, 76301, 3.030563
far, 76401, 3.240572
far, 76501, 2.918633
far, 76601, 3.446817
far, 76701, 2.804374
far, 76801, 2.933542
far, 76901, 3.644579
far, 77001, 2.847960
far, 77101, 3.192294
far, 77201, 3.887964
far, 77301, 3.056254
far, 77401, 3.571228
far, 77501, 2.901044
far, 77601, 3.450460
far, 77701, 3.184502
far, 77801, 3.046579
far, 77901, 2.880461
far, 78001, 3.518218
far, 78101, 3.118633
far, 78201, 2.651652
far, 78301, 3.632314
far, 78401, 3.767075
far, 78501, 2.853476
far, 78601, 3.377502
far, 78701, 3.480043
far, 78801, 4.334512
far, 78901, 3.219176
far, 79001, 2.802320
far, 79101, 3.878698
far, 79201, 4.892511
far, 79301, 3.643346
far, 79401, 3.454046
far, 79501, 2.848500
far, 79601, 3.182883
far, 79701, 2.879876
far, 79801, 3.379457
far, 79901, 3.390354
far, 80001, 3.645443
far, 80101, 2.550418
far, 80201, 3.938475
far, 80301, 3.315871
far, 80401, 4.585871
far, 80501, 3.417649
far, 80601, 3.217880
far, 80701, 3.561564
far, 80801, 2.987780
far, 80901, 2.615978
far, 81001, 3.971876
far, 81101, 3.846842
far, 81201, 5.395280
far, 81301, 3.434397
far, 81401, 4.257137
far, 81501, 3.531204
far, 81601, 2.975773
far, 81701, 4.636563
far, 81801, 4.517684
far, 81901, 3.769851
far, 82001, 3.312789
far, 82101, 3.247005
far, 82201, 3.633101
far, 82301, 3.515890
far, 82401, 2.946423
far, 82501, 3.428857
far, 82601, 3.372576
far, 82701, 3.195749
far, 82801, 3.099620
far, 82901, 3.399984
far, 83001, 3.153304
far, 83101, 3.033311
far, 83201, 2.946693
far, 83301, 5.162773
far, 83401, 4.002940
far, 83501, 4.687789
far, 83601, 4.086978
far, 83701, 4.192384
far, 83801, 3.824352
far, 83901, 4.135174
far, 84001, 4.019206
far, 84101, 3.513338
far, 84201, 4.020991
far, 84301, 5.179359
far, 84401, 5.623144
far, 84501, 4.046569
far, 84601, 5.131199
far, 84701, 3.514999
far, 84801, 3.565582
far, 84901, 4.347036
far, 85001, 3.884448
far, 85101, 3.619016
far, 85201, 3.530042
far, 85301, 4.415736
far, 85401, 3.592838
far, 85501, 3.347386
far, 85601, 4.016510
far, 85701, 5.725987
far, 85801, 3.835981
far, 85901, 4.109964
far, 86001, 4.294536
far, 86101, 3.892393
far, 86201, 4.179818
far, 86301, 3.483331
far, 86401, 3.289519
fai, 1, 0.000069
fai, 101, 0.000350
fai, 201, 0.000759
fai, 301, 0.001160
fai, 401, 0.000936
fai, 501, 0.001154
fai, 601, 0.002624
fai, 701, 0.001863
fai, 801, 0.001792
fai, 901, 0.002236
fai, 1001, 0.002855
fai, 1101, 0.002942
fai, 1201, 0.003197
fai, 1301, 0.003010
fai, 1401, 0.003248
fai, 1501, 0.003469
fai, 1601, 0.003818
fai, 1701, 0.004616
fai, 1801, 0.004370
fai, 1901, 0.004489
fai, 2001, 0.004872
fai, 2101, 0.005854
fai, 2201, 0.006318
fai, 2301, 0.006601
fai, 2401, 0.007089
fai, 2501, 0.006346
fai, 2601, 0.007745
fai, 2701, 0.006942
fai, 2801, 0.007192
fai, 2901, 0.007439
fai, 3001, 0.009510
fai, 3101, 0.010825
fai, 3201, 0.010153
fai, 3301, 0.011937
fai, 3401, 0.010729
fai, 3501, 0.011405
fai, 3601, 0.011354
fai, 3701, 0.011697
fai, 3801, 0.012104
fai, 3901, 0.012314
fai, 4001, 0.015131
fai, 4101, 0.012914
fai, 4201, 0.013549
fai, 4301, 0.013564
fai, 4401, 0.015774
fai, 4501, 0.014499
fai, 4601, 0.014471
fai, 4701, 0.015046
fai, 4801, 0.015134
fai, 4901, 0.017520
fai, 5001, 0.017792
fai, 5101, 0.017997
fai, 5201, 0.016338
fai, 5301, 0.019242
fai, 5401, 0.019392
fai, 5501, 0.020187
fai, 5601, 0.017634
fai, 5701, 0.018021
fai, 5801, 0.018426
fai, 5901, 0.018528
fai, 6001, 0.018843
fai, 6101, 0.021940
fai, 6201, 0.019489
fai, 6301, 0.027400
fai, 6401, 0.023402
fai, 6501, 0.022953
fai, 6601, 0.020899
fai, 6701, 0.020995
fai, 6801, 0.021719
fai, 6901, 0.021648
fai, 7001, 0.025692
fai, 7101, 0.025305
fai, 7201, 0.022911
fai, 7301, 0.023116
fai, 7401, 0.026175
fai, 7501, 0.026923
fai, 7601, 0.024237
fai, 7701, 0.024318
fai, 7801, 0.024468
fai, 7901, 0.028368
fai, 8001, 0.025109
fai, 8101, 0.029457
fai, 8201, 0.029230
fai, 8301, 0.029725
fai, 8401, 0.026417
fai, 8501, 0.026666
fai, 8601, 0.027151
fai, 8701, 0.035856
fai, 8801, 0.027798
fai, 8901, 0.028045
fai, 9001, 0.032087
fai, 9101, 0.032842
fai, 9201, 0.032398
fai, 9301, 0.033463
fai, 9401, 0.029449
fai, 9501, 0.033713
fai, 9601, 0.077962
fai, 9701, 0.034582
fai, 9801, 0.030727
fai, 9901, 0.038303
fai, 10001, 0.036267
fai, 10101, 0.031826
fai, 10201, 0.031983
fai, 10301, 0.032469
fai, 10401, 0.032657
fai, 10501, 0.033101
fai, 10601, 0.037085
fai, 10701, 0.033668
fai, 10801, 0.039310
fai, 10901, 0.039541
fai, 11001, 0.039566
fai, 11101, 0.033730
fai, 11201, 0.039910
fai, 11301, 0.040313
fai, 11401, 0.035898
fai, 11501, 0.034798
fai, 11601, 0.036307
fai, 11701, 0.042437
fai, 11801, 0.042038
fai, 11901, 0.037500
fai, 12001, 0.037819
fai, 12101, 0.041273
fai, 12201, 0.038403
fai, 12301, 0.044351
fai, 12401, 0.038777
fai, 12501, 0.039198
fai, 12601, 0.046061
fai, 12701, 0.045665
fai, 12801, 0.040530
fai, 12901, 0.040357
fai, 13001, 0.046275
fai, 13101, 0.041045
fai, 13201, 0.046412
fai, 13301, 0.041619
fai, 13401, 0.049066
fai, 13501, 0.042357
fai, 13601, 0.042894
fai, 13701, 0.050464
fai, 13801, 0.048833
fai, 13901, 0.050561
fai, 14001, 0.050817
fai, 14101, 0.045012
fai, 14201, 0.053644
fai, 14301, 0.051952
fai, 14401, 0.050252
fai, 14501, 0.045372
fai, 14601, 0.048242
fai, 14701, 0.045759
fai, 14801, 0.048746
fai, 14901, 0.047975
fai, 15001, 0.047161
fai, 15101, 0.046979
fai, 15201, 0.082292
fai, 15301, 0.047628
fai, 15401, 0.048587
fai, 15501, 0.049057
fai, 15601, 0.058949
fai, 15701, 0.056544
fai, 15801, 0.055869
fai, 15901, 0.049456
fai, 16001, 0.047965
fai, 16101, 0.053704
fai, 16201, 0.048530
fai, 16301, 0.055506
fai, 16401, 0.049184
fai, 16501, 0.056623
fai, 16601, 0.057126
fai, 16701, 0.057044
fai, 16801, 0.070937
fai, 16901, 0.051147
fai, 17001, 0.052883
fai, 17101, 0.060810
fai, 17201, 0.053499
fai, 17301, 0.059027
fai, 17401, 0.058228
fai, 17501, 0.184597
fai, 17601, 0.052710
fai, 17701, 0.053301
fai, 17801, 0.065490
fai, 17901, 0.055774
fai, 18001, 0.062563
fai, 18101, 0.054245
fai, 18201, 0.059696
fai, 18301, 0.057413
fai, 18401, 0.060716
fai, 18501, 0.054007
fai, 18601, 0.057226
fai, 18701, 0.054282
fai, 18801, 0.054324
fai, 18901, 0.073377
fai, 19001, 0.054823
fai, 19101, 0.062195
fai, 19201, 0.055463
fai, 19301, 0.063354
fai, 19401, 0.073290
fai, 19501, 0.061583
fai, 19601, 0.052922
fai, 19701, 0.053120
fai, 19801, 0.057124
fai, 19901, 0.055531
fai, 20001, 0.056554
fai, 20101, 0.077310
fai, 20201, 0.065069
fai, 20301, 0.082141
fai, 20401, 0.063726
fai, 20501, 0.064808
fai, 20601, 0.067103
fai, 20701, 0.067763
fai, 20801, 0.067726
fai, 20901, 0.061732
fai, 21001, 0.060637
fai, 21101, 0.063416
fai, 21201, 0.061930
fai, 21301, 0.091847
fai, 21401, 0.063087
fai, 21501, 0.067314
fai, 21601, 0.060214
fai, 21701, 0.069479
fai, 21801, 0.061775
fai, 21901, 0.069007
fai, 22001, 0.071456
fai, 22101, 0.063803
fai, 22201, 0.071127
fai, 22301, 0.064859
fai, 22401, 0.064657
fai, 22501, 0.065102
fai, 22601, 0.071602
fai, 22701, 0.093284
fai, 22801, 0.075401
fai, 22901, 0.064348
fai, 23001, 0.064736
fai, 23101, 0.072396
fai, 23201, 0.067002
fai, 23301, 0.076544
fai, 23401, 0.067939
fai, 23501, 0.075340
fai, 23601, 0.068872
fai, 23701, 0.077387
fai, 23801, 0.069047
fai, 23901, 0.069826
fai, 24001, 0.079968
fai, 24101, 0.069958
fai, 24201, 0.073870
fai, 24301, 0.070944
fai, 24401, 0.083215
fai, 24501, 0.070823
fai, 24601, 0.080280
fai, 24701, 0.071723
fai, 24801, 0.081072
fai, 24901, 0.115675
fai, 25001, 0.082677
fai, 25101, 0.126651
fai, 25201, 0.087638
fai, 25301, 0.077562
fai, 25401, 0.086402
fai, 25501, 0.076366
fai, 25601, 0.088736
fai, 25701, 0.077413
fai, 25801, 0.079559
fai, 25901, 0.105140
fai, 26001, 0.090051
fai, 26101, 0.090261
fai, 26201, 0.088558
fai, 26301, 0.091535
fai, 26401, 0.244153
fai, 26501, 0.089716
fai, 26601, 0.080981
fai, 26701, 0.094965
fai, 26801, 0.081482
fai, 26901, 0.090968
fai, 27001, 0.090882
fai, 27101, 0.094138
fai, 27201, 0.092787
fai, 27301, 0.095101
fai, 27401, 0.118565
fai, 27501, 0.092550
fai, 27601, 0.096807
fai, 27701, 0.095850
fai, 27801, 0.097472
fai, 27901, 0.103922
fai, 28001, 0.084934
fai, 28101, 0.084095
fai, 28201, 0.087953
fai, 28301, 0.097815
fai, 28401, 0.085917
fai, 28501, 0.094969
fai, 28601, 0.088228
fai, 28701, 0.149462
fai, 28801, 0.086729
fai, 28901, 0.087406
fai, 29001, 0.088580
fai, 29101, 0.100249
fai, 29201, 0.103456
fai, 29301, 0.088747
fai, 29401, 0.094540
fai, 29501, 0.170966
fai, 29601, 0.100495
fai, 29701, 0.104275
fai, 29801, 0.089500
fai, 29901, 0.102327
fai, 30001, 0.091580
fai, 30101, 0.091901
fai, 30201, 0.092244
fai, 30301, 0.104831
fai, 30401, 0.104846
fai, 30501, 0.092349
fai, 30601, 0.119288
fai, 30701, 0.126765
fai, 30801, 0.106066
fai, 30901, 0.103693
fai, 31001, 0.106698
fai, 31101, 0.108235
fai, 31201, 0.103677
fai, 31301, 0.107207
fai, 31401, 0.138151
fai, 31501, 0.108609
fai, 31601, 0.096529
fai, 31701, 0.109393
fai, 31801, 0.096131
fai, 31901, 0.096614
fai, 32001, 0.109350
fai, 32101, 0.124715
fai, 32201, 0.109745
fai, 32301, 0.102098
fai, 32401, 0.111606
fai, 32501, 0.123976
fai, 32601, 0.114111
fai, 32701, 0.135014
fai, 32801, 0.112446
fai, 32901, 0.124118
fai, 33001, 0.115716
fai, 33101, 0.111768
fai, 33201, 0.137899
fai, 33301, 0.136904
fai, 33401, 0.122860
fai, 33501, 0.108895
fai, 33601, 0.120113
fai, 33701, 0.106966
fai, 33801, 0.103931
fai, 33901, 0.135577
fai, 34001, 0.118692
fai, 34101, 0.121539
fai, 34201, 0.112291
fai, 34301, 0.118658
fai, 34401, 0.103898
fai, 34501, 0.116585
fai, 34601, 0.120075
fai, 34701, 0.126470
fai, 34801, 0.105006
fai, 34901, 0.125140
fai, 35001, 0.106254
fai, 35101, 0.121669
fai, 35201, 0.114266
fai, 35301, 0.119744
fai, 35401, 0.128979
fai, 35501, 0.106633
fai, 35601, 0.108028
fai, 35701, 0.122472
fai, 35801, 0.114610
fai, 35901, 0.122847
fai, 36001, 0.127501
fai, 36101, 0.122211
fai, 36201, 0.109155
fai, 36301, 0.125157
fai, 36401, 0.109754
fai, 36501, 0.128302
fai, 36601, 0.131986
fai, 36701, 0.110716
fai, 36801, 0.112136
fai, 36901, 0.112390
fai, 37001, 0.132719
fai, 37101, 0.115700
fai, 37201, 0.131881
fai, 37301, 0.137031
fai, 37401, 0.134962
fai, 37501, 0.134202
fai, 37601, 0.118343
fai, 37701, 0.121662
fai, 37801, 0.138815
fai, 37901, 0.161187
fai, 38001, 0.118507
fai, 38101, 0.134996
fai, 38201, 0.116259
fai, 38301, 0.129948
fai, 38401, 0.134798
fai, 38501, 0.131220
fai, 38601, 0.116758
fai, 38701, 0.129817
fai, 38801, 0.120309
fai, 38901, 0.345186
fai, 39001, 0.118538
fai, 39101, 0.256861
fai, 39201, 0.122317
fai, 39301, 0.139998
fai, 39401, 0.123349
fai, 39501, 0.119536
fai, 39601, 0.362460
fai, 39701, 0.120863
fai, 39801, 0.121000
fai, 39901, 0.119781
fai, 40001, 0.137851
fai, 40101, 0.121773
fai, 40201, 0.121834
fai, 40301, 0.120976
fai, 40401, 0.127575
fai, 40501, 0.228851
fai, 40601, 0.141101
fai, 40701, 0.252546
fai, 40801, 0.145719
fai, 40901, 0.150943
fai, 41001, 0.157281
fai, 41101, 0.168290
fai, 41201, 0.151798
fai, 41301, 0.138609
fai, 41401, 0.147409
fai, 41501, 0.136455
fai, 41601, 0.144722
fai, 41701, 0.125227
fai, 41801, 0.142431
fai, 41901, 0.130165
fai, 42001, 0.145496
fai, 42101, 0.145293
fai, 42201, 0.126771
fai, 42301, 0.156672
fai, 42401, 0.128821
fai, 42501, 0.177491
fai, 42601, 0.148142
fai, 42701, 0.143841
fai, 42801, 0.134775
fai, 42901, 0.156822
fai, 43001, 0.260016
fai, 43101, 0.151983
fai, 43201, 0.135318
fai, 43301, 0.152860
fai, 43401, 0.138368
fai, 43501, 0.136667
fai, 43601, 0.174540
fai, 43701, 0.137181
fai, 43801, 0.155830
fai, 43901, 0.137631
fai, 44001, 0.138518
fai, 44101, 0.155752
fai, 44201, 0.139788
fai, 44301, 0.138123
fai, 44401, 0.151317
fai, 44501, 0.160629
fai, 44601, 0.159534
fai, 44701, 0.164129
fai, 44801, 0.157352
fai, 44901, 0.159883
fai, 45001, 0.287132
fai, 45101, 0.168194
fai, 45201, 0.164085
fai, 45301, 0.146518
fai, 45401, 0.170932
fai, 45501, 0.147581
fai, 45601, 0.161228
fai, 45701, 0.153967
fai, 45801, 0.182524
fai, 45901, 0.200239
fai, 46001, 0.169187
fai, 46101, 0.174104
fai, 46201, 0.151137
fai, 46301, 0.171608
fai, 46401, 0.145794
fai, 46501, 0.164560
fai, 46601, 0.151390
fai, 46701, 0.174654
fai, 46801, 0.160127
fai, 46901, 0.157109
fai, 47001, 0.154958
fai, 47101, 0.174217
fai, 47201, 0.153287
fai, 47301, 0.155168
fai, 47401, 0.153649
fai, 47501, 0.174638
fai, 47601, 0.150715
fai, 47701, 0.208018
fai, 47801, 0.169739
fai, 47901, 0.150400
fai, 48001, 0.174013
fai, 48101, 0.151211
fai, 48201, 0.150697
fai, 48301, 0.150695
fai, 48401, 0.151430
fai, 48501, 0.154131
fai, 48601, 0.170995
fai, 48701, 0.153366
fai, 48801, 0.174074
fai, 48901, 0.153206
fai, 49001, 0.174775
fai, 49101, 0.155411
fai, 49201, 0.159136
fai, 49301, 0.190699
fai, 49401, 0.163842
fai, 49501, 0.176443
fai, 49601, 0.179748
fai, 49701, 0.181437
fai, 49801, 0.167090
fai, 49901, 0.163111
fai, 50001, 0.156442
fai, 50101, 0.180589
fai, 50201, 0.157486
fai, 50301, 0.215610
fai, 50401, 0.164216
fai, 50501, 0.179532
fai, 50601, 0.160321
fai, 50701, 0.182441
fai, 50801, 0.166500
fai, 50901, 0.180616
fai, 51001, 0.186525
fai, 51101, 0.267967
fai, 51201, 0.225341
fai, 51301, 0.209729
fai, 51401, 0.223761
fai, 51501, 0.208114
fai, 51601, 0.245283
fai, 51701, 0.202160
fai, 51801, 0.234274
fai, 51901, 0.210551
fai, 52001, 0.243576
fai, 52101, 0.232499
fai, 52201, 0.260052
fai, 52301, 0.213870
fai, 52401, 0.238881
fai, 52501, 0.235124
fai, 52601, 0.196047
fai, 52701, 0.195446
fai, 52801, 0.216583
fai, 52901, 0.196932
fai, 53001, 0.224128
fai, 53101, 0.209191
fai, 53201, 0.188824
fai, 53301, 0.218326
fai, 53401, 0.190201
fai, 53501, 0.214259
fai, 53601, 0.189985
fai, 53701, 0.215935
fai, 53801, 0.214350
fai, 53901, 0.217778
fai, 54001, 0.251468
fai, 54101, 0.218110
fai, 54201, 0.221420
fai, 54301, 0.221336
fai, 54401, 0.193226
fai, 54501, 0.187111
fai, 54601, 0.216163
fai, 54701, 0.188364
fai, 54801, 0.209093
fai, 54901, 0.214713
fai, 55001, 0.187495
fai, 55101, 0.203862
fai, 55201, 0.215234
fai, 55301, 0.213406
fai, 55401, 0.214167
fai, 55501, 0.214207
fai, 55601, 0.219348
fai, 55701, 0.206807
fai, 55801, 0.308906
fai, 55901, 0.208223
fai, 56001, 0.183390
fai, 56101, 0.208062
fai, 56201, 0.210595
fai, 56301, 0.185085
fai, 56401, 0.184611
fai, 56501, 0.201251
fai, 56601, 0.237426
fai, 56701, 0.184410
fai, 56801, 0.224290
fai, 56901, 0.185752
fai, 57001, 0.215883
fai, 57101, 0.197530
fai, 57201, 0.208403
fai, 57301, 0.187289
fai, 57401, 0.233375
fai, 57501, 0.186439
fai, 57601, 0.196080
fai, 57701, 0.205396
fai, 57801, 0.291835
fai, 57901, 0.188553
fai, 58001, 0.216510
fai, 58101, 0.190226
fai, 58201, 0.229731
fai, 58301, 0.219469
fai, 58401, 0.191920
fai, 58501, 0.217333
fai, 58601, 0.207406
fai, 58701, 0.205316
fai, 58801, 0.275195
fai, 58901, 0.191276
fai, 59001, 0.225267
fai, 59101, 0.214219
fai, 59201, 0.191331
fai, 59301, 0.282663
fai, 59401, 0.186370
fai, 59501, 0.212817
fai, 59601, 0.209878
fai, 59701, 0.215680
fai, 59801, 0.189769
fai, 59901, 0.228680
fai, 60001, 0.220029
fai, 60101, 0.212653
fai, 60201, 0.191493
fai, 60301, 0.214258
fai, 60401, 0.257266
fai, 60501, 0.190612
fai, 60601, 0.217665
fai, 60701, 0.215748
fai, 60801, 0.190262
fai, 60901, 0.223164
fai, 61001, 0.190686
fai, 61101, 0.216870
fai, 61201, 0.191077
fai, 61301, 0.193463
fai, 61401, 0.202478
fai, 61501, 0.218875
fai, 61601, 0.195212
fai, 61701, 0.234674
fai, 61801, 0.233552
fai, 61901, 0.222308
fai, 62001, 0.229495
fai, 62101, 0.221884
fai, 62201, 0.211245
fai, 62301, 0.260046
fai, 62401, 0.252387
fai, 62501, 0.242234
fai, 62601, 0.197014
fai, 62701, 0.196406
fai, 62801, 0.269420
fai, 62901, 0.229505
fai, 63001, 0.198408
fai, 63101, 0.224830
fai, 63201, 0.229299
fai, 63301, 0.198401
fai, 63401, 0.226153
fai, 63501, 0.201834
fai, 63601, 0.222328
fai, 63701, 0.228078
fai, 63801, 0.273567
fai, 63901, 0.268575
fai, 64001, 0.222543
fai, 64101, 0.214328
fai, 64201, 0.234328
fai, 64301, 0.212255
fai, 64401, 0.262132
fai, 64501, 0.239662
fai, 64601, 0.202178
fai, 64701, 0.228309
fai, 64801, 0.253113
fai, 64901, 0.236614
fai, 65001, 0.206196
fai, 65101, 0.224367
fai, 65201, 0.197783
fai, 65301, 0.220173
fai, 65401, 0.198121
fai, 65501, 0.208162
fai, 65601, 0.205691
fai, 65701, 0.199343
fai, 65801, 0.199061
fai, 65901, 0.239966
fai, 66001, 0.230814
fai, 66101, 0.211835
fai, 66201, 0.223981
fai, 66301, 0.217795
fai, 66401, 0.194651
fai, 66501, 0.219211
fai, 66601, 0.193265
fai, 66701, 0.222678
fai, 66801, 0.216502
fai, 66901, 0.222563
fai, 67001, 0.230876
fai, 67101, 0.223890
fai, 67201, 0.220020
fai, 67301, 0.227773
fai, 67401, 0.228414
fai, 67501, 0.224241
fai, 67601, 0.195796
fai, 67701, 0.346681
fai, 67801, 0.221073
fai, 67901, 0.224555
fai, 68001, 0.212202
fai, 68101, 0.226383
fai, 68201, 0.222253
fai, 68301, 0.273685
fai, 68401, 0.199555
fai, 68501, 0.271325
fai, 68601, 0.221028
fai, 68701, 0.209914
fai, 68801, 0.232312
fai, 68901, 0.209208
fai, 69001, 0.240753
fai, 69101, 0.215924
fai, 69201, 0.244795
fai, 69301, 0.231563
fai, 69401, 0.244660
fai, 69501, 0.254599
fai, 69601, 0.412461
fai, 69701, 0.212558
fai, 69801, 0.241995
fai, 69901, 0.212013
fai, 70001, 0.234459
fai, 70101, 0.262832
fai, 70201, 0.282394
fai, 70301, 0.222100
fai, 70401, 0.361391
fai, 70501, 0.226604
fai, 70601, 0.258850
fai, 70701, 0.250953
fai, 70801, 0.314809
fai, 70901, 0.258858
fai, 71001, 0.290389
fai, 71101, 0.224725
fai, 71201, 0.224336
fai, 71301, 0.223413
fai, 71401, 0.228982
fai, 71501, 0.252194
fai, 71601, 0.226421
fai, 71701, 0.248151
fai, 71801, 0.258018
fai, 71901, 0.246509
fai, 72001, 0.261230
fai, 72101, 0.260127
fai, 72201, 0.250675
fai, 72301, 0.272873
fai, 72401, 0.227976
fai, 72501, 0.270138
fai, 72601, 0.268657
fai, 72701, 0.228632
fai, 72801, 0.227596
fai, 72901, 0.277068
fai, 73001, 0.263441
fai, 73101, 0.262107
fai, 73201, 0.260325
fai, 73301, 0.268793
fai, 73401, 0.264621
fai, 73501, 0.235529
fai, 73601, 0.229477
fai, 73701, 0.231047
fai, 73801, 0.239079
fai, 73901, 0.360000
fai, 74001, 0.263375
fai, 74101, 0.243589
fai, 74201, 0.254693
fai, 74301, 0.243888
fai, 74401, 0.285878
fai, 74501, 0.245099
fai, 74601, 0.268592
fai, 74701, 0.232938
fai, 74801, 0.234296
fai, 74901, 0.286365
fai, 75001, 0.269427
fai, 75101, 0.234507
fai, 75201, 0.352874
fai, 75301, 0.236935
fai, 75401, 0.253930
fai, 75501, 0.302856
fai, 75601, 0.280634
fai, 75701, 0.237131
fai, 75801, 0.277478
fai, 75901, 0.256682
fai, 76001, 0.240411
fai, 76101, 0.263056
fai, 76201, 0.237537
fai, 76301, 0.290735
fai, 76401, 0.238172
fai, 76501, 0.240682
fai, 76601, 0.238751
fai, 76701, 0.239582
fai, 76801, 0.251444
fai, 76901, 0.248665
fai, 77001, 0.242780
fai, 77101, 0.244210
fai, 77201, 0.310229
fai, 77301, 0.244939
fai, 77401, 0.271401
fai, 77501, 0.241918
fai, 77601, 0.286630
fai, 77701, 0.244960
fai, 77801, 0.279846
fai, 77901, 0.254110
fai, 78001, 0.302306
fai, 78101, 0.245203
fai, 78201, 0.267014
fai, 78301, 0.264571
fai, 78401, 0.245104
fai, 78501, 0.301974
fai, 78601, 0.301446
fai, 78701, 0.267667
fai, 78801, 0.271229
fai, 78901, 0.485099
fai, 79001, 0.266862
fai, 79101, 0.264922
fai, 79201, 0.287987
fai, 79301, 0.279692
fai, 79401, 0.295947
fai, 79501, 0.304051
fai, 79601, 0.262195
fai, 79701, 0.259837
fai, 79801, 0.262208
fai, 79901, 0.261218
fai, 80001, 0.259658
fai, 80101, 0.263267
fai, 80201, 0.298764
fai, 80301, 0.297558
fai, 80401, 0.289660
fai, 80501, 0.313807
fai, 80601, 0.251569
fai, 80701, 0.362861
fai, 80801, 0.262768
fai, 80901, 0.263422
fai, 81001, 0.299263
fai, 81101, 0.319205
fai, 81201, 0.260919
fai, 81301, 0.290271
fai, 81401, 0.341159
fai, 81501, 0.289603
fai, 81601, 0.274561
fai, 81701, 0.309474
fai, 81801, 0.256768
fai, 81901, 0.305471
fai, 82001, 0.266170
fai, 82101, 0.287833
fai, 82201, 0.258261
fai, 82301, 0.293947
fai, 82401, 0.272593
fai, 82501, 0.298929
fai, 82601, 0.327333
fai, 82701, 0.309450
fai, 82801, 0.258651
fai, 82901, 0.260543
fai, 83001, 0.260801
fai, 83101, 0.329698
fai, 83201, 0.260989
fai, 83301, 0.294241
fai, 83401, 0.262692
fai, 83501, 0.262575
fai, 83601, 0.370414
fai, 83701, 0.273442
fai, 83801, 0.300341
fai, 83901, 0.262099
fai, 84001, 0.513688
fai, 84101, 0.277960
fai, 84201, 0.288604
fai, 84301, 0.254646
fai, 84401, 0.263521
fai, 84501, 0.257074
fai, 84601, 0.288039
fai, 84701, 0.273202
fai, 84801, 0.270414
fai, 84901, 0.358601
fai, 85001, 0.320274
fai, 85101, 0.304181
fai, 85201, 0.333464
fai, 85301, 0.305550
fai, 85401, 0.289762
fai, 85501, 0.259431
fai, 85601, 0.292449
fai, 85701, 0.296973
fai, 85801, 0.359214
fai, 85901, 0.327682
fai, 86001, 0.265113
fai, 86101, 0.298291
fai, 86201, 0.326614
fai, 86301, 0.259150
fai, 86401, 0.259432
fii, 1, 0.000073
fii, 101, 0.000317
fii, 201, 0.000539
fii, 301, 0.000759
fii, 401, 0.002118
fii, 501, 0.002011
fii, 601, 0.001317
fii, 701, 0.002915
fii, 801, 0.002963
fii, 901, 0.003228
fii, 1001, 0.003528
fii, 1101, 0.002205
fii, 1201, 0.003991
fii, 1301, 0.002582
fii, 1401, 0.002744
fii, 1501, 0.005315
fii, 1601, 0.003122
fii, 1701, 0.003295
fii, 1801, 0.003525
fii, 1901, 0.003686
fii, 2001, 0.003874
fii, 2101, 0.007145
fii, 2201, 0.007357
fii, 2301, 0.007688
fii, 2401, 0.008452
fii, 2501, 0.008418
fii, 2601, 0.008518
fii, 2701, 0.008909
fii, 2801, 0.009357
fii, 2901, 0.005527
fii, 3001, 0.008275
fii, 3101, 0.010369
fii, 3201, 0.006102
fii, 3301, 0.006704
fii, 3401, 0.011570
fii, 3501, 0.007109
fii, 3601, 0.011990
fii, 3701, 0.014461
fii, 3801, 0.007229
fii, 3901, 0.013638
fii, 4001, 0.018434
fii, 4101, 0.014030
fii, 4201, 0.017127
fii, 4301, 0.008142
fii, 4401, 0.014324
fii, 4501, 0.015030
fii, 4601, 0.008911
fii, 4701, 0.015727
fii, 4801, 0.016662
fii, 4901, 0.016162
fii, 5001, 0.010796
fii, 5101, 0.009654
fii, 5201, 0.016726
fii, 5301, 0.017719
fii, 5401, 0.010193
fii, 5501, 0.017891
fii, 5601, 0.018680
fii, 5701, 0.010718
fii, 5801, 0.021899
fii, 5901, 0.011113
fii, 6001, 0.020068
fii, 6101, 0.019765
fii, 6201, 0.020183
fii, 6301, 0.020391
fii, 6401, 0.020719
fii, 6501, 0.012426
fii, 6601, 0.021730
fii, 6701, 0.023559
fii, 6801, 0.013488
fii, 6901, 0.013996
fii, 7001, 0.013880
fii, 7101, 0.024346
fii, 7201, 0.015289
fii, 7301, 0.014024
fii, 7401, 0.024990
fii, 7501, 0.014408
fii, 7601, 0.025083
fii, 7701, 0.039165
fii, 7801, 0.027414
fii, 7901, 0.015238
fii, 8001, 0.030068
fii, 8101, 0.027388
fii, 8201, 0.028569
fii, 8301, 0.016883
fii, 8401, 0.030090
fii, 8501, 0.018441
fii, 8601, 0.020524
fii, 8701, 0.031925
fii, 8801, 0.020411
fii, 8901, 0.032552
fii, 9001, 0.033528
fii, 9101, 0.039376
fii, 9201, 0.034383
fii, 9301, 0.086818
fii, 9401, 0.037988
fii, 9501, 0.036912
fii, 9601, 0.038282
fii, 9701, 0.038672
fii, 9801, 0.038879
fii, 9901, 0.041409
fii, 10001, 0.042291
fii, 10101, 0.041598
fii, 10201, 0.042177
fii, 10301, 0.131079
fii, 10401, 0.044631
fii, 10501, 0.044823
fii, 10601, 0.045052
fii, 10701, 0.046388
fii, 10801, 0.046483
fii, 10901, 0.048272
fii, 11001, 0.048813
fii, 11101, 0.049096
fii, 11201, 0.049563
fii, 11301, 0.050061
fii, 11401, 0.060927
fii, 11501, 0.052829
fii, 11601, 0.054398
fii, 11701, 0.053818
fii, 11801, 0.054412
fii, 11901, 0.054244
fii, 12001, 0.056391
fii, 12101, 0.055010
fii, 12201, 0.057476
fii, 12301, 0.058877
fii, 12401, 0.061122
fii, 12501, 0.063460
fii, 12601, 0.060540
fii, 12701, 0.061044
fii, 12801, 0.060911
fii, 12901, 0.061472
fii, 13001, 0.062032
fii, 13101, 0.076422
fii, 13201, 0.062414
fii, 13301, 0.041104
fii, 13401, 0.063891
fii, 13501, 0.065200
fii, 13601, 0.067567
fii, 13701, 0.064498
fii, 13801, 0.066169
fii, 13901, 0.067130
fii, 14001, 0.038162
fii, 14101, 0.067432
fii, 14201, 0.039720
fii, 14301, 0.043363
fii, 14401, 0.183480
fii, 14501, 0.071543
fii, 14601, 0.100423
fii, 14701, 0.074496
fii, 14801, 0.111893
fii, 14901, 0.085619
fii, 15001, 0.072469
fii, 15101, 0.072599
fii, 15201, 0.060067
fii, 15301, 0.073415
fii, 15401, 0.041971
fii, 15501, 0.070638
fii, 15601, 0.074200
fii, 15701, 0.072664
fii, 15801, 0.153297
fii, 15901, 0.044667
fii, 16001, 0.045308
fii, 16101, 0.073911
fii, 16201, 0.042512
fii, 16301, 0.136548
fii, 16401, 0.042994
fii, 16501, 0.087545
fii, 16601, 0.043547
fii, 16701, 0.043845
fii, 16801, 0.063332
fii, 16901, 0.048867
fii, 17001, 0.095154
fii, 17101, 0.081898
fii, 17201, 0.048871
fii, 17301, 0.050573
fii, 17401, 0.045649
fii, 17501, 0.078847
fii, 17601, 0.046181
fii, 17701, 0.046471
fii, 17801, 0.079638
fii, 17901, 0.045273
fii, 18001, 0.078762
fii, 18101, 0.049105
fii, 18201, 0.051751
fii, 18301, 0.080709
fii, 18401, 0.118706
fii, 18501, 0.051586
fii, 18601, 0.050114
fii, 18701, 0.047314
fii, 18801, 0.047508
fii, 18901, 0.052243
fii, 19001, 0.078800
fii, 19101, 0.085202
fii, 19201, 0.055151
fii, 19301, 0.060685
fii, 19401, 0.090091
fii, 19501, 0.049315
fii, 19601, 0.052212
fii, 19701, 0.056582
fii, 19801, 0.089255
fii, 19901, 0.052279
fii, 20001, 0.056945
fii, 20101, 0.052198
fii, 20201, 0.054656
fii, 20301, 0.091169
fii, 20401, 0.051590
fii, 20501, 0.085676
fii, 20601, 0.058144
fii, 20701, 0.050524
fii, 20801, 0.089683
fii, 20901, 0.051033
fii, 21001, 0.054890
fii, 21101, 0.112165
fii, 21201, 0.051766
fii, 21301, 0.055095
fii, 21401, 0.058346
fii, 21501, 0.091264
fii, 21601, 0.062453
fii, 21701, 0.088190
fii, 21801, 0.055389
fii, 21901, 0.058203
fii, 22001, 0.094189
fii, 22101, 0.053903
fii, 22201, 0.095905
fii, 22301, 0.055418
fii, 22401, 0.097486
fii, 22501, 0.055144
fii, 22601, 0.098042
fii, 22701, 0.061505
fii, 22801, 0.056492
fii, 22901, 0.060327
fii, 23001, 0.063587
fii, 23101, 0.393891
fii, 23201, 0.074934
fii, 23301, 0.056856
fii, 23401, 0.062499
fii, 23501, 0.066804
fii, 23601, 0.106431
fii, 23701, 0.065475
fii, 23801, 0.065099
fii, 23901, 0.064652
fii, 24001, 0.062726
fii, 24101, 0.058807
fii, 24201, 0.079555
fii, 24301, 0.074745
fii, 24401, 0.136591
fii, 24501, 0.080383
fii, 24601, 0.101700
fii, 24701, 0.079058
fii, 24801, 0.130965
fii, 24901, 0.080120
fii, 25001, 0.127331
fii, 25101, 0.076904
fii, 25201, 0.131999
fii, 25301, 0.080780
fii, 25401, 0.085206
fii, 25501, 0.079261
fii, 25601, 0.072430
fii, 25701, 0.079469
fii, 25801, 0.077001
fii, 25901, 0.081518
fii, 26001, 0.078120
fii, 26101, 0.199744
fii, 26201, 0.075486
fii, 26301, 0.075587
fii, 26401, 0.084434
fii, 26501, 0.083866
fii, 26601, 0.079791
fii, 26701, 0.075567
fii, 26801, 0.129525
fii, 26901, 0.083571
fii, 27001, 0.129306
fii, 27101, 0.083255
fii, 27201, 0.086370
fii, 27301, 0.127661
fii, 27401, 0.079784
fii, 27501, 0.102221
fii, 27601, 0.079308
fii, 27701, 0.131307
fii, 27801, 0.134187
fii, 27901, 0.149841
fii, 28001, 0.079468
fii, 28101, 0.074695
fii, 28201, 0.130826
fii, 28301, 0.126544
fii, 28401, 0.160133
fii, 28501, 0.144333
fii, 28601, 0.130252
fii, 28701, 0.075133
fii, 28801, 0.134430
fii, 28901, 0.135378
fii, 29001, 0.163388
fii, 29101, 0.136333
fii, 29201, 0.135824
fii, 29301, 0.136497
fii, 29401, 0.081957
fii, 29501, 0.135582
fii, 29601, 0.085705
fii, 29701, 0.105502
fii, 29801, 0.112728
fii, 29901, 0.083894
fii, 30001, 0.122871
fii, 30101, 0.078843
fii, 30201, 0.538326
fii, 30301, 0.084681
fii, 30401, 0.089476
fii, 30501, 0.088881
fii, 30601, 0.085052
fii, 30701, 0.087987
fii, 30801, 0.104579
fii, 30901, 0.145236
fii, 31001, 0.081191
fii, 31101, 0.081425
fii, 31201, 0.142756
fii, 31301, 0.079001
fii, 31401, 0.139767
fii, 31501, 0.110670
fii, 31601, 0.079807
fii, 31701, 0.101838
fii, 31801, 0.087510
fii, 31901, 0.107075
fii, 32001, 0.091786
fii, 32101, 0.084377
fii, 32201, 0.142218
fii, 32301, 0.081575
fii, 32401, 0.088337
fii, 32501, 0.090213
fii, 32601, 0.223440
fii, 32701, 0.160345
fii, 32801, 0.089761
fii, 32901, 0.096573
fii, 33001, 0.147867
fii, 33101, 0.083521
fii, 33201, 0.083817
fii, 33301, 0.084020
fii, 33401, 0.084482
fii, 33501, 0.132077
fii, 33601, 0.084840
fii, 33701, 0.085080
fii, 33801, 0.150183
fii, 33901, 0.091374
fii, 34001, 0.091941
fii, 34101, 0.121814
fii, 34201, 0.089471
fii, 34301, 0.096945
fii, 34401, 0.093002
fii, 34501, 0.098291
fii, 34601, 0.089048
fii, 34701, 0.087604
fii, 34801, 0.146305
fii, 34901, 0.096462
fii, 35001, 0.085308
fii, 35101, 0.110414
fii, 35201, 0.116296
fii, 35301, 0.156775
fii, 35401, 0.105744
fii, 35501, 0.153907
fii, 35601, 0.090369
fii, 35701, 0.087010
fii, 35801, 0.097301
fii, 35901, 0.099076
fii, 36001, 0.107727
fii, 36101, 0.151385
fii, 36201, 0.088231
fii, 36301, 0.100532
fii, 36401, 0.189934
fii, 36501, 0.088994
fii, 36601, 0.157100
fii, 36701, 0.119912
fii, 36801, 0.156226
fii, 36901, 0.161239
fii, 37001, 0.102257
fii, 37101, 0.101001
fii, 37201, 0.096759
fii, 37301, 0.163199
fii, 37401, 0.098644
fii, 37501, 0.094887
fii, 37601, 0.095194
fii, 37701, 0.115318
fii, 37801, 0.118799
fii, 37901, 0.092335
fii, 38001, 0.149856
fii, 38101, 0.104068
fii, 38201, 0.105551
fii, 38301, 0.093314
fii, 38401, 0.130022
fii, 38501, 0.103988
fii, 38601, 0.163923
fii, 38701, 0.165336
fii, 38801, 0.094557
fii, 38901, 0.106425
fii, 39001, 0.103851
fii, 39101, 0.369308
fii, 39201, 0.095575
fii, 39301, 0.105848
fii, 39401, 0.226067
fii, 39501, 0.096282
fii, 39601, 0.106179
fii, 39701, 0.100516
fii, 39801, 0.110395
fii, 39901, 0.108148
fii, 40001, 0.110869
fii, 40101, 0.111635
fii, 40201, 0.171510
fii, 40301, 0.131996
fii, 40401, 0.173638
fii, 40501, 0.101636
fii, 40601, 0.105940
fii, 40701, 0.110419
fii, 40801, 0.099415
fii, 40901, 0.111679
fii, 41001, 0.151518
fii, 41101, 0.103759
fii, 41201, 0.108691
fii, 41301, 0.190134
fii, 41401, 0.111883
fii, 41501, 0.184765
fii, 41601, 0.114709
fii, 41701, 0.112705
fii, 41801, 0.110317
fii, 41901, 0.105743
fii, 42001, 0.174739
fii, 42101, 0.099180
fii, 42201, 0.107575
fii, 42301, 0.113810
fii, 42401, 0.106207
fii, 42501, 0.110498
fii, 42601, 0.113765
fii, 42701, 0.156455
fii, 42801, 0.123550
fii, 42901, 0.107756
fii, 43001, 0.198393
fii, 43101, 0.119386
fii, 43201, 0.107381
fii, 43301, 0.189517
fii, 43401, 0.119189
fii, 43501, 0.214746
fii, 43601, 0.109340
fii, 43701, 0.172968
fii, 43801, 0.104778
fii, 43901, 0.174695
fii, 44001, 0.110352
fii, 44101, 0.109465
fii, 44201, 0.174877
fii, 44301, 0.107676
fii, 44401, 0.181352
fii, 44501, 0.185229
fii, 44601, 0.123981
fii, 44701, 0.184091
fii, 44801, 0.113873
fii, 44901, 0.112827
fii, 45001, 0.112072
fii, 45101, 0.116435
fii, 45201, 0.128866
fii, 45301, 0.115257
fii, 45401, 0.115091
fii, 45501, 0.230313
fii, 45601, 0.168460
fii, 45701, 0.115491
fii, 45801, 0.105065
fii, 45901, 0.113533
fii, 46001, 0.119625
fii, 46101, 0.111658
fii, 46201, 0.108763
fii, 46301, 0.193612
fii, 46401, 0.123411
fii, 46501, 0.122341
fii, 46601, 0.123330
fii, 46701, 0.118589
fii, 46801, 0.132788
fii, 46901, 0.113779
fii, 47001, 0.109971
fii, 47101, 0.193336
fii, 47201, 0.116912
fii, 47301, 0.115471
fii, 47401, 0.158821
fii, 47501, 0.225665
fii, 47601, 0.190529
fii, 47701, 0.108692
fii, 47801, 0.120428
fii, 47901, 0.124707
fii, 48001, 0.167882
fii, 48101, 0.193140
fii, 48201, 0.133411
fii, 48301, 0.129648
fii, 48401, 0.128676
fii, 48501, 0.144851
fii, 48601, 0.130021
fii, 48701, 0.127217
fii, 48801, 0.126200
fii, 48901, 0.219408
fii, 49001, 0.200098
fii, 49101, 0.175977
fii, 49201, 0.203198
fii, 49301, 0.124532
fii, 49401, 0.256174
fii, 49501, 0.124549
fii, 49601, 0.116776
fii, 49701, 0.204537
fii, 49801, 0.119464
fii, 49901, 0.209036
fii, 50001, 0.123168
fii, 50101, 0.120844
fii, 50201, 0.129712
fii, 50301, 0.130563
fii, 50401, 0.203892
fii, 50501, 0.118893
fii, 50601, 0.131165
fii, 50701, 0.128950
fii, 50801, 0.134523
fii, 50901, 0.210875
fii, 51001, 0.133311
fii, 51101, 0.142166
fii, 51201, 0.267286
fii, 51301, 0.226048
fii, 51401, 0.140066
fii, 51501, 0.150749
fii, 51601, 0.141906
fii, 51701, 0.152652
fii, 51801, 0.327495
fii, 51901, 0.197710
fii, 52001, 0.225012
fii, 52101, 0.227322
fii, 52201, 0.127150
fii, 52301, 0.144069
fii, 52401, 0.223354
fii, 52501, 0.136964
fii, 52601, 0.225179
fii, 52701, 0.142431
fii, 52801, 0.143198
fii, 52901, 0.149416
fii, 53001, 0.227773
fii, 53101, 0.229138
fii, 53201, 0.177783
fii, 53301, 0.315017
fii, 53401, 0.178852
fii, 53501, 0.241344
fii, 53601, 0.142437
fii, 53701, 0.230484
fii, 53801, 0.131028
fii, 53901, 0.159347
fii, 54001, 0.131522
fii, 54101, 0.230563
fii, 54201, 0.315224
fii, 54301, 0.207380
fii, 54401, 0.132488
fii, 54501, 0.186011
fii, 54601, 0.246410
fii, 54701, 0.179086
fii, 54801, 0.237580
fii, 54901, 0.232255
fii, 55001, 0.315244
fii, 55101, 0.236308
fii, 55201, 0.134440
fii, 55301, 0.421790
fii, 55401, 0.149665
fii, 55501, 0.273681
fii, 55601, 0.140020
fii, 55701, 0.240150
fii, 55801, 0.186997
fii, 55901, 0.246459
fii, 56001, 0.189423
fii, 56101, 0.241956
fii, 56201, 0.508157
fii, 56301, 0.258745
fii, 56401, 0.272824
fii, 56501, 0.244505
fii, 56601, 0.648009
fii, 56701, 0.258954
fii, 56801, 0.147252
fii, 56901, 0.150902
fii, 57001, 0.138781
fii, 57101, 0.253052
fii, 57201, 0.248547
fii, 57301, 0.245562
fii, 57401, 0.244837
fii, 57501, 0.271919
fii, 57601, 0.252045
fii, 57701, 0.236184
fii, 57801, 0.372671
fii, 57901, 0.250756
fii, 58001, 0.209110
fii, 58101, 0.313933
fii, 58201, 0.146794
fii, 58301, 0.161559
fii, 58401, 0.241348
fii, 58501, 0.262292
fii, 58601, 0.249365
fii, 58701, 0.281712
fii, 58801, 0.200602
fii, 58901, 0.143433
fii, 59001, 0.179310
fii, 59101, 0.332825
fii, 59201, 0.207354
fii, 59301, 0.275271
fii, 59401, 0.165237
fii, 59501, 0.165530
fii, 59601, 0.163959
fii, 59701, 0.163298
fii, 59801, 0.258593
fii, 59901, 0.166630
fii, 60001, 0.224397
fii, 60101, 0.156788
fii, 60201, 0.288452
fii, 60301, 0.282093
fii, 60401, 0.147095
fii, 60501, 0.156606
fii, 60601, 0.189138
fii, 60701, 0.247728
fii, 60801, 0.263534
fii, 60901, 0.165587
fii, 61001, 0.148553
fii, 61101, 0.261126
fii, 61201, 0.154967
fii, 61301, 0.515877
fii, 61401, 0.267375
fii, 61501, 0.261418
fii, 61601, 0.254017
fii, 61701, 0.324755
fii, 61801, 0.182684
fii, 61901, 0.261648
fii, 62001, 0.171996
fii, 62101, 0.536751
fii, 62201, 0.179587
fii, 62301, 0.271094
fii, 62401, 0.278310
fii, 62501, 0.152174
fii, 62601, 0.153066
fii, 62701, 0.269942
fii, 62801, 0.263246
fii, 62901, 0.231445
fii, 63001, 0.288814
fii, 63101, 0.271405
fii, 63201, 0.269690
fii, 63301, 0.272819
fii, 63401, 0.277239
fii, 63501, 0.169956
fii, 63601, 0.172876
fii, 63701, 0.295377
fii, 63801, 0.173831
fii, 63901, 0.266570
fii, 64001, 0.286682
fii, 64101, 0.166389
fii, 64201, 0.186602
fii, 64301, 0.184762
fii, 64401, 0.169911
fii, 64501, 0.285510
fii, 64601, 0.178286
fii, 64701, 0.175727
fii, 64801, 0.179050
fii, 64901, 0.274658
fii, 65001, 0.188597
fii, 65101, 0.269562
fii, 65201, 0.183274
fii, 65301, 0.284928
fii, 65401, 0.277221
fii, 65501, 0.283045
fii, 65601, 0.272681
fii, 65701, 0.173299
fii, 65801, 0.285475
fii, 65901, 0.172128
fii, 66001, 0.304765
fii, 66101, 0.178650
fii, 66201, 0.311266
fii, 66301, 0.250768
fii, 66401, 0.293387
fii, 66501, 0.296043
fii, 66601, 0.175968
fii, 66701, 0.294380
fii, 66801, 0.184258
fii, 66901, 0.244737
fii, 67001, 0.294900
fii, 67101, 0.283631
fii, 67201, 0.244718
fii, 67301, 0.288019
fii, 67401, 0.222882
fii, 67501, 0.299210
fii, 67601, 0.180715
fii, 67701, 0.193124
fii, 67801, 0.304564
fii, 67901, 0.223152
fii, 68001, 0.191183
fii, 68101, 0.228113
fii, 68201, 0.173311
fii, 68301, 0.309091
fii, 68401, 0.218799
fii, 68501, 0.326774
fii, 68601, 0.338116
fii, 68701, 0.195491
fii, 68801, 0.252050
fii, 68901, 0.446175
fii, 69001, 0.417383
fii, 69101, 0.183409
fii, 69201, 0.195441
fii, 69301, 0.197041
fii, 69401, 0.211694
fii, 69501, 0.170485
fii, 69601, 0.296057
fii, 69701, 0.372866
fii, 69801, 0.298495
fii, 69901, 0.189708
fii, 70001, 0.375735
fii, 70101, 0.331254
fii, 70201, 0.325509
fii, 70301, 0.296037
fii, 70401, 0.305846
fii, 70501, 0.275902
fii, 70601, 0.222787
fii, 70701, 0.194537
fii, 70801, 0.226219
fii, 70901, 0.281640
fii, 71001, 0.190207
fii, 71101, 0.304203
fii, 71201, 0.186597
fii, 71301, 0.305853
fii, 71401, 0.172970
fii, 71501, 0.327372
fii, 71601, 0.343052
fii, 71701, 0.295358
fii, 71801, 0.186361
fii, 71901, 0.196933
fii, 72001, 0.227571
fii, 72101, 0.174665
fii, 72201, 0.185078
fii, 72301, 0.224968
fii, 72401, 0.310430
fii, 72501, 0.192172
fii, 72601, 0.309487
fii, 72701, 0.561555
fii, 72801, 0.351732
fii, 72901, 0.195051
fii, 73001, 0.314362
fii, 73101, 0.202299
fii, 73201, 0.317057
fii, 73301, 0.273264
fii, 73401, 0.425990
fii, 73501, 0.202034
fii, 73601, 0.195082
fii, 73701, 0.210804
fii, 73801, 0.344430
fii, 73901, 0.202097
fii, 74001, 0.322103
fii, 74101, 0.204579
fii, 74201, 0.352003
fii, 74301, 0.477513
fii, 74401, 0.355516
fii, 74501, 0.352913
fii, 74601, 0.404036
fii, 74701, 0.697686
fii, 74801, 0.921770
fii, 74901, 0.402153
fii, 75001, 0.412381
fii, 75101, 0.426841
fii, 75201, 0.388058
fii, 75301, 0.392877
fii, 75401, 0.690011
fii, 75501, 0.722003
fii, 75601, 0.383473
fii, 75701, 0.432725
fii, 75801, 0.253229
fii, 75901, 0.293905
fii, 76001, 0.391230
fii, 76101, 0.383074
fii, 76201, 0.224701
fii, 76301, 0.389685
fii, 76401, 0.432394
fii, 76501, 0.243821
fii, 76601, 0.397689
fii, 76701, 0.242165
fii, 76801, 0.434437
fii, 76901, 0.380598
fii, 77001, 0.383847
fii, 77101, 0.381462
fii, 77201, 0.360540
fii, 77301, 0.434954
fii, 77401, 0.389331
fii, 77501, 0.391186
fii, 77601, 0.381729
fii, 77701, 0.389474
fii, 77801, 0.234761
fii, 77901, 0.365990
fii, 78001, 0.476837
fii, 78101, 0.406973
fii, 78201, 0.384090
fii, 78301, 0.239761
fii, 78401, 0.376153
fii, 78501, 0.401910
fii, 78601, 0.664207
fii, 78701, 0.397177
fii, 78801, 0.381075
fii, 78901, 0.370735
fii, 79001, 0.396758
fii, 79101, 0.377665
fii, 79201, 0.242823
fii, 79301, 0.771308
fii, 79401, 0.382140
fii, 79501, 0.627454
fii, 79601, 0.517840
fii, 79701, 0.395671
fii, 79801, 0.381093
fii, 79901, 0.449687
fii, 80001, 0.393664
fii, 80101, 0.259845
fii, 80201, 0.372496
fii, 80301, 0.335577
fii, 80401, 0.246138
fii, 80501, 0.381846
fii, 80601, 0.321905
fii, 80701, 0.389868
fii, 80801, 0.246513
fii, 80901, 0.302081
fii, 81001, 0.286621
fii, 81101, 0.504372
fii, 81201, 0.371198
fii, 81301, 0.397162
fii, 81401, 0.286755
fii, 81501, 0.363946
fii, 81601, 0.426534
fii, 81701, 0.401842
fii, 81801, 0.212843
fii, 81901, 0.235416
fii, 82001, 0.402664
fii, 82101, 0.243074
fii, 82201, 0.278614
fii, 82301, 0.235169
fii, 82401, 0.366327
fii, 82501, 0.433268
fii, 82601, 0.835046
fii, 82701, 0.460663
fii, 82801, 0.219162
fii, 82901, 0.421040
fii, 83001, 0.249161
fii, 83101, 0.366498
fii, 83201, 0.370780
fii, 83301, 0.233711
fii, 83401, 0.371490
fii, 83501, 0.616596
fii, 83601, 0.364571
fii, 83701, 0.390394
fii, 83801, 0.388387
fii, 83901, 0.387981
fii, 84001, 0.496207
fii, 84101, 0.379932
fii, 84201, 0.241777
fii, 84301, 0.387999
fii, 84401, 0.436303
fii, 84501, 0.236079
fii, 84601, 0.249344
fii, 84701, 0.430436
fii, 84801, 0.313244
fii, 84901, 0.377614
fii, 85001, 0.249223
fii, 85101, 0.381136
fii, 85201, 0.436291
fii, 85301, 0.237852
fii, 85401, 0.240142
fii, 85501, 0.382513
fii, 85601, 0.389429
fii, 85701, 1.135680
fii, 85801, 0.391914
fii, 85901, 0.241311
fii, 86001, 0.465146
fii, 86101, 0.586262
fii, 86201, 0.217350
fii, 86301, 0.224479
fii, 86401, 0.427762
fir, 1, 0.000057
fir, 2, 0.000063
fir, 3, 0.000085
fir, 4, 0.000326
fir, 5, 0.000272
fir, 6, 0.000161
fir, 7, 0.000367
fir, 8, 0.000360
fir, 9, 0.000439
fir, 10, 0.000620
fir, 11, 0.000548
fir, 12, 0.000946
fir, 13, 0.001275
fir, 14, 0.002371
fir, 15, 0.003638
fir, 16, 0.004784
fir, 17, 0.008457
fir, 18, 0.014041
fir, 19, 0.017865
fir, 20, 0.028931
fir, 21, 0.070275
fir, 22, 0.073988
fir, 23, 0.147225
fir, 24, 0.192914
fir, 25, 0.402598
fir, 26, 0.672287
fir, 27, 0.837957
fir, 28, 1.698962
fir, 29, 2.260923
fir, 30, 3.788000
fir, 31, 5.678200
fir, 32, 10.902012
fir, 33, 16.392946
fir, 34, 25.872406
fir, 35, 43.289210
fir, 36, 76.456124
fir, 37, 118.575821
fir, 38, 194.521362
fir, 39, 307.492019
fir, 40, 494.172568
